ISO-10303-21;
HEADER;
/* Generated by software containing ST-Developer
 * from STEP Tools, Inc. (www.steptools.com) 
 */

FILE_DESCRIPTION(
/* description */ (''),
/* implementation_level */ '2;1');

FILE_NAME(
/* name */ 'C:/Users/ME/Pictures/Step Files/LD3007MS FAN.step',
/* time_stamp */ '2021-01-25T23:19:19-06:00',
/* author */ (''),
/* organization */ (''),
/* preprocessor_version */ 'ST-DEVELOPER v18.1',
/* originating_system */ 'Autodesk Translation Framework v9.7.1.1290',
/* authorisation */ '');

FILE_SCHEMA (('AUTOMOTIVE_DESIGN { 1 0 10303 214 3 1 1 }'));
ENDSEC;

DATA;
#10=MECHANICAL_DESIGN_GEOMETRIC_PRESENTATION_REPRESENTATION('',(#55,#56,
#57,#58,#59,#60,#61,#62,#63),#2543);
#11=SHAPE_REPRESENTATION_RELATIONSHIP('SRR','None',#2550,#12);
#12=ADVANCED_BREP_SHAPE_REPRESENTATION('',(#64,#65,#66,#67,#68,#69,#70,
#71,#72),#2542);
#13=(
BOUNDED_SURFACE()
B_SPLINE_SURFACE(5,1,((#1797,#1798),(#1799,#1800),(#1801,#1802),(#1803,
#1804),(#1805,#1806),(#1807,#1808),(#1809,#1810),(#1811,#1812),(#1813,#1814),
(#1815,#1816),(#1817,#1818),(#1819,#1820),(#1821,#1822),(#1823,#1824),(#1825,
#1826)),.UNSPECIFIED.,.F.,.F.,.F.)
B_SPLINE_SURFACE_WITH_KNOTS((6,1,1,1,1,1,1,1,1,1,6),(2,2),(-1.,-0.9,-0.8,
-0.7,-0.6,-0.5,-0.4,-0.3,-0.2,-0.1,0.),(-0.32,0.54),.UNSPECIFIED.)
GEOMETRIC_REPRESENTATION_ITEM()
RATIONAL_B_SPLINE_SURFACE(((1.,1.),(1.,1.),(1.,1.),(1.,1.),(1.,1.),(1.,
1.),(1.,1.),(1.,1.),(1.,1.),(1.,1.),(1.,1.),(1.,1.),(1.,1.),(1.,1.),(1.,
1.)))
REPRESENTATION_ITEM('')
SURFACE()
);
#14=(
BOUNDED_SURFACE()
B_SPLINE_SURFACE(5,1,((#1850,#1851),(#1852,#1853),(#1854,#1855),(#1856,
#1857),(#1858,#1859),(#1860,#1861),(#1862,#1863),(#1864,#1865),(#1866,#1867),
(#1868,#1869),(#1870,#1871),(#1872,#1873),(#1874,#1875),(#1876,#1877),(#1878,
#1879)),.UNSPECIFIED.,.F.,.F.,.F.)
B_SPLINE_SURFACE_WITH_KNOTS((6,1,1,1,1,1,1,1,1,1,6),(2,2),(0.,0.1,0.2,0.3,
0.4,0.5,0.6,0.7,0.8,0.9,1.),(-0.32,0.54),.UNSPECIFIED.)
GEOMETRIC_REPRESENTATION_ITEM()
RATIONAL_B_SPLINE_SURFACE(((1.,1.),(1.,1.),(1.,1.),(1.,1.),(1.,1.),(1.,
1.),(1.,1.),(1.,1.),(1.,1.),(1.,1.),(1.,1.),(1.,1.),(1.,1.),(1.,1.),(1.,
1.)))
REPRESENTATION_ITEM('')
SURFACE()
);
#15=(
BOUNDED_SURFACE()
B_SPLINE_SURFACE(5,1,((#1907,#1908),(#1909,#1910),(#1911,#1912),(#1913,
#1914),(#1915,#1916),(#1917,#1918),(#1919,#1920),(#1921,#1922),(#1923,#1924),
(#1925,#1926),(#1927,#1928),(#1929,#1930),(#1931,#1932),(#1933,#1934),(#1935,
#1936)),.UNSPECIFIED.,.F.,.F.,.F.)
B_SPLINE_SURFACE_WITH_KNOTS((6,1,1,1,1,1,1,1,1,1,6),(2,2),(-1.,-0.9,-0.8,
-0.7,-0.6,-0.5,-0.4,-0.3,-0.2,-0.1,0.),(-0.32,0.54),.UNSPECIFIED.)
GEOMETRIC_REPRESENTATION_ITEM()
RATIONAL_B_SPLINE_SURFACE(((1.,1.),(1.,1.),(1.,1.),(1.,1.),(1.,1.),(1.,
1.),(1.,1.),(1.,1.),(1.,1.),(1.,1.),(1.,1.),(1.,1.),(1.,1.),(1.,1.),(1.,
1.)))
REPRESENTATION_ITEM('')
SURFACE()
);
#16=(
BOUNDED_SURFACE()
B_SPLINE_SURFACE(5,1,((#1960,#1961),(#1962,#1963),(#1964,#1965),(#1966,
#1967),(#1968,#1969),(#1970,#1971),(#1972,#1973),(#1974,#1975),(#1976,#1977),
(#1978,#1979),(#1980,#1981),(#1982,#1983),(#1984,#1985),(#1986,#1987),(#1988,
#1989)),.UNSPECIFIED.,.F.,.F.,.F.)
B_SPLINE_SURFACE_WITH_KNOTS((6,1,1,1,1,1,1,1,1,1,6),(2,2),(0.,0.1,0.2,0.3,
0.4,0.5,0.6,0.7,0.8,0.9,1.),(-0.32,0.54),.UNSPECIFIED.)
GEOMETRIC_REPRESENTATION_ITEM()
RATIONAL_B_SPLINE_SURFACE(((1.,1.),(1.,1.),(1.,1.),(1.,1.),(1.,1.),(1.,
1.),(1.,1.),(1.,1.),(1.,1.),(1.,1.),(1.,1.),(1.,1.),(1.,1.),(1.,1.),(1.,
1.)))
REPRESENTATION_ITEM('')
SURFACE()
);
#17=(
BOUNDED_SURFACE()
B_SPLINE_SURFACE(5,1,((#2017,#2018),(#2019,#2020),(#2021,#2022),(#2023,
#2024),(#2025,#2026),(#2027,#2028),(#2029,#2030),(#2031,#2032),(#2033,#2034),
(#2035,#2036),(#2037,#2038),(#2039,#2040),(#2041,#2042),(#2043,#2044),(#2045,
#2046)),.UNSPECIFIED.,.F.,.F.,.F.)
B_SPLINE_SURFACE_WITH_KNOTS((6,1,1,1,1,1,1,1,1,1,6),(2,2),(-1.,-0.9,-0.8,
-0.7,-0.6,-0.5,-0.4,-0.3,-0.2,-0.1,0.),(-0.32,0.54),.UNSPECIFIED.)
GEOMETRIC_REPRESENTATION_ITEM()
RATIONAL_B_SPLINE_SURFACE(((1.,1.),(1.,1.),(1.,1.),(1.,1.),(1.,1.),(1.,
1.),(1.,1.),(1.,1.),(1.,1.),(1.,1.),(1.,1.),(1.,1.),(1.,1.),(1.,1.),(1.,
1.)))
REPRESENTATION_ITEM('')
SURFACE()
);
#18=(
BOUNDED_SURFACE()
B_SPLINE_SURFACE(5,1,((#2070,#2071),(#2072,#2073),(#2074,#2075),(#2076,
#2077),(#2078,#2079),(#2080,#2081),(#2082,#2083),(#2084,#2085),(#2086,#2087),
(#2088,#2089),(#2090,#2091),(#2092,#2093),(#2094,#2095),(#2096,#2097),(#2098,
#2099)),.UNSPECIFIED.,.F.,.F.,.F.)
B_SPLINE_SURFACE_WITH_KNOTS((6,1,1,1,1,1,1,1,1,1,6),(2,2),(0.,0.1,0.2,0.3,
0.4,0.5,0.6,0.7,0.8,0.9,1.),(-0.32,0.54),.UNSPECIFIED.)
GEOMETRIC_REPRESENTATION_ITEM()
RATIONAL_B_SPLINE_SURFACE(((1.,1.),(1.,1.),(1.,1.),(1.,1.),(1.,1.),(1.,
1.),(1.,1.),(1.,1.),(1.,1.),(1.,1.),(1.,1.),(1.,1.),(1.,1.),(1.,1.),(1.,
1.)))
REPRESENTATION_ITEM('')
SURFACE()
);
#19=(
BOUNDED_SURFACE()
B_SPLINE_SURFACE(5,1,((#2127,#2128),(#2129,#2130),(#2131,#2132),(#2133,
#2134),(#2135,#2136),(#2137,#2138),(#2139,#2140),(#2141,#2142),(#2143,#2144),
(#2145,#2146),(#2147,#2148),(#2149,#2150),(#2151,#2152),(#2153,#2154),(#2155,
#2156)),.UNSPECIFIED.,.F.,.F.,.F.)
B_SPLINE_SURFACE_WITH_KNOTS((6,1,1,1,1,1,1,1,1,1,6),(2,2),(-1.,-0.9,-0.8,
-0.7,-0.6,-0.5,-0.4,-0.3,-0.2,-0.1,0.),(-0.32,0.54),.UNSPECIFIED.)
GEOMETRIC_REPRESENTATION_ITEM()
RATIONAL_B_SPLINE_SURFACE(((1.,1.),(1.,1.),(1.,1.),(1.,1.),(1.,1.),(1.,
1.),(1.,1.),(1.,1.),(1.,1.),(1.,1.),(1.,1.),(1.,1.),(1.,1.),(1.,1.),(1.,
1.)))
REPRESENTATION_ITEM('')
SURFACE()
);
#20=(
BOUNDED_SURFACE()
B_SPLINE_SURFACE(5,1,((#2180,#2181),(#2182,#2183),(#2184,#2185),(#2186,
#2187),(#2188,#2189),(#2190,#2191),(#2192,#2193),(#2194,#2195),(#2196,#2197),
(#2198,#2199),(#2200,#2201),(#2202,#2203),(#2204,#2205),(#2206,#2207),(#2208,
#2209)),.UNSPECIFIED.,.F.,.F.,.F.)
B_SPLINE_SURFACE_WITH_KNOTS((6,1,1,1,1,1,1,1,1,1,6),(2,2),(0.,0.1,0.2,0.3,
0.4,0.5,0.6,0.7,0.8,0.9,1.),(-0.32,0.54),.UNSPECIFIED.)
GEOMETRIC_REPRESENTATION_ITEM()
RATIONAL_B_SPLINE_SURFACE(((1.,1.),(1.,1.),(1.,1.),(1.,1.),(1.,1.),(1.,
1.),(1.,1.),(1.,1.),(1.,1.),(1.,1.),(1.,1.),(1.,1.),(1.,1.),(1.,1.),(1.,
1.)))
REPRESENTATION_ITEM('')
SURFACE()
);
#21=(
BOUNDED_SURFACE()
B_SPLINE_SURFACE(5,1,((#2237,#2238),(#2239,#2240),(#2241,#2242),(#2243,
#2244),(#2245,#2246),(#2247,#2248),(#2249,#2250),(#2251,#2252),(#2253,#2254),
(#2255,#2256),(#2257,#2258),(#2259,#2260),(#2261,#2262),(#2263,#2264),(#2265,
#2266)),.UNSPECIFIED.,.F.,.F.,.F.)
B_SPLINE_SURFACE_WITH_KNOTS((6,1,1,1,1,1,1,1,1,1,6),(2,2),(-1.,-0.9,-0.8,
-0.7,-0.6,-0.5,-0.4,-0.3,-0.2,-0.1,0.),(-0.32,0.54),.UNSPECIFIED.)
GEOMETRIC_REPRESENTATION_ITEM()
RATIONAL_B_SPLINE_SURFACE(((1.,1.),(1.,1.),(1.,1.),(1.,1.),(1.,1.),(1.,
1.),(1.,1.),(1.,1.),(1.,1.),(1.,1.),(1.,1.),(1.,1.),(1.,1.),(1.,1.),(1.,
1.)))
REPRESENTATION_ITEM('')
SURFACE()
);
#22=(
BOUNDED_SURFACE()
B_SPLINE_SURFACE(5,1,((#2290,#2291),(#2292,#2293),(#2294,#2295),(#2296,
#2297),(#2298,#2299),(#2300,#2301),(#2302,#2303),(#2304,#2305),(#2306,#2307),
(#2308,#2309),(#2310,#2311),(#2312,#2313),(#2314,#2315),(#2316,#2317),(#2318,
#2319)),.UNSPECIFIED.,.F.,.F.,.F.)
B_SPLINE_SURFACE_WITH_KNOTS((6,1,1,1,1,1,1,1,1,1,6),(2,2),(0.,0.1,0.2,0.3,
0.4,0.5,0.6,0.7,0.8,0.9,1.),(-0.32,0.54),.UNSPECIFIED.)
GEOMETRIC_REPRESENTATION_ITEM()
RATIONAL_B_SPLINE_SURFACE(((1.,1.),(1.,1.),(1.,1.),(1.,1.),(1.,1.),(1.,
1.),(1.,1.),(1.,1.),(1.,1.),(1.,1.),(1.,1.),(1.,1.),(1.,1.),(1.,1.),(1.,
1.)))
REPRESENTATION_ITEM('')
SURFACE()
);
#23=(
BOUNDED_SURFACE()
B_SPLINE_SURFACE(5,1,((#2347,#2348),(#2349,#2350),(#2351,#2352),(#2353,
#2354),(#2355,#2356),(#2357,#2358),(#2359,#2360),(#2361,#2362),(#2363,#2364),
(#2365,#2366),(#2367,#2368),(#2369,#2370),(#2371,#2372),(#2373,#2374),(#2375,
#2376)),.UNSPECIFIED.,.F.,.F.,.F.)
B_SPLINE_SURFACE_WITH_KNOTS((6,1,1,1,1,1,1,1,1,1,6),(2,2),(-1.,-0.9,-0.8,
-0.7,-0.6,-0.5,-0.4,-0.3,-0.2,-0.1,0.),(-0.32,0.54),.UNSPECIFIED.)
GEOMETRIC_REPRESENTATION_ITEM()
RATIONAL_B_SPLINE_SURFACE(((1.,1.),(1.,1.),(1.,1.),(1.,1.),(1.,1.),(1.,
1.),(1.,1.),(1.,1.),(1.,1.),(1.,1.),(1.,1.),(1.,1.),(1.,1.),(1.,1.),(1.,
1.)))
REPRESENTATION_ITEM('')
SURFACE()
);
#24=(
BOUNDED_SURFACE()
B_SPLINE_SURFACE(5,1,((#2400,#2401),(#2402,#2403),(#2404,#2405),(#2406,
#2407),(#2408,#2409),(#2410,#2411),(#2412,#2413),(#2414,#2415),(#2416,#2417),
(#2418,#2419),(#2420,#2421),(#2422,#2423),(#2424,#2425),(#2426,#2427),(#2428,
#2429)),.UNSPECIFIED.,.F.,.F.,.F.)
B_SPLINE_SURFACE_WITH_KNOTS((6,1,1,1,1,1,1,1,1,1,6),(2,2),(0.,0.1,0.2,0.3,
0.4,0.5,0.6,0.7,0.8,0.9,1.),(-0.32,0.54),.UNSPECIFIED.)
GEOMETRIC_REPRESENTATION_ITEM()
RATIONAL_B_SPLINE_SURFACE(((1.,1.),(1.,1.),(1.,1.),(1.,1.),(1.,1.),(1.,
1.),(1.,1.),(1.,1.),(1.,1.),(1.,1.),(1.,1.),(1.,1.),(1.,1.),(1.,1.),(1.,
1.)))
REPRESENTATION_ITEM('')
SURFACE()
);
#25=(
BOUNDED_SURFACE()
B_SPLINE_SURFACE(5,1,((#2457,#2458),(#2459,#2460),(#2461,#2462),(#2463,
#2464),(#2465,#2466),(#2467,#2468),(#2469,#2470),(#2471,#2472),(#2473,#2474),
(#2475,#2476),(#2477,#2478),(#2479,#2480),(#2481,#2482),(#2483,#2484),(#2485,
#2486)),.UNSPECIFIED.,.F.,.F.,.F.)
B_SPLINE_SURFACE_WITH_KNOTS((6,1,1,1,1,1,1,1,1,1,6),(2,2),(-1.,-0.9,-0.8,
-0.7,-0.6,-0.5,-0.4,-0.3,-0.2,-0.1,0.),(-0.32,0.54),.UNSPECIFIED.)
GEOMETRIC_REPRESENTATION_ITEM()
RATIONAL_B_SPLINE_SURFACE(((1.,1.),(1.,1.),(1.,1.),(1.,1.),(1.,1.),(1.,
1.),(1.,1.),(1.,1.),(1.,1.),(1.,1.),(1.,1.),(1.,1.),(1.,1.),(1.,1.),(1.,
1.)))
REPRESENTATION_ITEM('')
SURFACE()
);
#26=(
BOUNDED_SURFACE()
B_SPLINE_SURFACE(5,1,((#2510,#2511),(#2512,#2513),(#2514,#2515),(#2516,
#2517),(#2518,#2519),(#2520,#2521),(#2522,#2523),(#2524,#2525),(#2526,#2527),
(#2528,#2529),(#2530,#2531),(#2532,#2533),(#2534,#2535),(#2536,#2537),(#2538,
#2539)),.UNSPECIFIED.,.F.,.F.,.F.)
B_SPLINE_SURFACE_WITH_KNOTS((6,1,1,1,1,1,1,1,1,1,6),(2,2),(0.,0.1,0.2,0.3,
0.4,0.5,0.6,0.7,0.8,0.9,1.),(-0.32,0.54),.UNSPECIFIED.)
GEOMETRIC_REPRESENTATION_ITEM()
RATIONAL_B_SPLINE_SURFACE(((1.,1.),(1.,1.),(1.,1.),(1.,1.),(1.,1.),(1.,
1.),(1.,1.),(1.,1.),(1.,1.),(1.,1.),(1.,1.),(1.,1.),(1.,1.),(1.,1.),(1.,
1.)))
REPRESENTATION_ITEM('')
SURFACE()
);
#27=B_SPLINE_CURVE_WITH_KNOTS('',3,(#1775,#1776,#1777,#1778,#1779,#1780,
#1781,#1782),.UNSPECIFIED.,.F.,.F.,(4,2,2,4),(-0.914011226727426,-0.691167693127139,
-0.466817535875548,0.),.UNSPECIFIED.);
#28=B_SPLINE_CURVE_WITH_KNOTS('',3,(#1785,#1786,#1787,#1788,#1789,#1790),
 .UNSPECIFIED.,.F.,.F.,(4,2,4),(-0.805460544048868,-0.409469197784408,0.),
 .UNSPECIFIED.);
#29=B_SPLINE_CURVE_WITH_KNOTS('',3,(#1829,#1830,#1831,#1832,#1833,#1834,
#1835,#1836),.UNSPECIFIED.,.F.,.F.,(4,2,2,4),(-0.956130901914976,-0.651460420304227,
-0.3560804291472,0.),.UNSPECIFIED.);
#30=B_SPLINE_CURVE_WITH_KNOTS('',3,(#1840,#1841,#1842,#1843,#1844,#1845,
#1846,#1847),.UNSPECIFIED.,.F.,.F.,(4,2,2,4),(-0.944783643547923,-0.639424665911285,
-0.379508288100659,0.),.UNSPECIFIED.);
#31=B_SPLINE_CURVE_WITH_KNOTS('',3,(#1885,#1886,#1887,#1888,#1889,#1890,
#1891,#1892),.UNSPECIFIED.,.F.,.F.,(4,2,2,4),(-0.914011226727426,-0.691167693127139,
-0.466817535875548,0.),.UNSPECIFIED.);
#32=B_SPLINE_CURVE_WITH_KNOTS('',3,(#1895,#1896,#1897,#1898,#1899,#1900),
 .UNSPECIFIED.,.F.,.F.,(4,2,4),(-0.805460544048868,-0.409469197784408,0.),
 .UNSPECIFIED.);
#33=B_SPLINE_CURVE_WITH_KNOTS('',3,(#1939,#1940,#1941,#1942,#1943,#1944,
#1945,#1946),.UNSPECIFIED.,.F.,.F.,(4,2,2,4),(-0.956130901914976,-0.651460420304227,
-0.3560804291472,0.),.UNSPECIFIED.);
#34=B_SPLINE_CURVE_WITH_KNOTS('',3,(#1950,#1951,#1952,#1953,#1954,#1955,
#1956,#1957),.UNSPECIFIED.,.F.,.F.,(4,2,2,4),(-0.944783643547923,-0.639424665911285,
-0.379508288100659,0.),.UNSPECIFIED.);
#35=B_SPLINE_CURVE_WITH_KNOTS('',3,(#1995,#1996,#1997,#1998,#1999,#2000,
#2001,#2002),.UNSPECIFIED.,.F.,.F.,(4,2,2,4),(-0.914011226727426,-0.691167693127139,
-0.466817535875548,0.),.UNSPECIFIED.);
#36=B_SPLINE_CURVE_WITH_KNOTS('',3,(#2005,#2006,#2007,#2008,#2009,#2010),
 .UNSPECIFIED.,.F.,.F.,(4,2,4),(-0.805460544048868,-0.409469197784408,0.),
 .UNSPECIFIED.);
#37=B_SPLINE_CURVE_WITH_KNOTS('',3,(#2049,#2050,#2051,#2052,#2053,#2054,
#2055,#2056),.UNSPECIFIED.,.F.,.F.,(4,2,2,4),(-0.956130901914976,-0.651460420304227,
-0.3560804291472,0.),.UNSPECIFIED.);
#38=B_SPLINE_CURVE_WITH_KNOTS('',3,(#2060,#2061,#2062,#2063,#2064,#2065,
#2066,#2067),.UNSPECIFIED.,.F.,.F.,(4,2,2,4),(-0.944783643547923,-0.639424665911285,
-0.379508288100659,0.),.UNSPECIFIED.);
#39=B_SPLINE_CURVE_WITH_KNOTS('',3,(#2105,#2106,#2107,#2108,#2109,#2110,
#2111,#2112),.UNSPECIFIED.,.F.,.F.,(4,2,2,4),(-0.914011226727426,-0.691167693127139,
-0.466817535875548,0.),.UNSPECIFIED.);
#40=B_SPLINE_CURVE_WITH_KNOTS('',3,(#2115,#2116,#2117,#2118,#2119,#2120),
 .UNSPECIFIED.,.F.,.F.,(4,2,4),(-0.805460544048868,-0.409469197784408,0.),
 .UNSPECIFIED.);
#41=B_SPLINE_CURVE_WITH_KNOTS('',3,(#2159,#2160,#2161,#2162,#2163,#2164,
#2165,#2166),.UNSPECIFIED.,.F.,.F.,(4,2,2,4),(-0.956130901914976,-0.651460420304227,
-0.3560804291472,0.),.UNSPECIFIED.);
#42=B_SPLINE_CURVE_WITH_KNOTS('',3,(#2170,#2171,#2172,#2173,#2174,#2175,
#2176,#2177),.UNSPECIFIED.,.F.,.F.,(4,2,2,4),(-0.944783643547923,-0.639424665911285,
-0.379508288100659,0.),.UNSPECIFIED.);
#43=B_SPLINE_CURVE_WITH_KNOTS('',3,(#2215,#2216,#2217,#2218,#2219,#2220,
#2221,#2222),.UNSPECIFIED.,.F.,.F.,(4,2,2,4),(-0.914011226727426,-0.691167693127139,
-0.466817535875548,0.),.UNSPECIFIED.);
#44=B_SPLINE_CURVE_WITH_KNOTS('',3,(#2225,#2226,#2227,#2228,#2229,#2230),
 .UNSPECIFIED.,.F.,.F.,(4,2,4),(-0.805460544048868,-0.409469197784408,0.),
 .UNSPECIFIED.);
#45=B_SPLINE_CURVE_WITH_KNOTS('',3,(#2269,#2270,#2271,#2272,#2273,#2274,
#2275,#2276),.UNSPECIFIED.,.F.,.F.,(4,2,2,4),(-0.956130901914976,-0.651460420304227,
-0.3560804291472,0.),.UNSPECIFIED.);
#46=B_SPLINE_CURVE_WITH_KNOTS('',3,(#2280,#2281,#2282,#2283,#2284,#2285,
#2286,#2287),.UNSPECIFIED.,.F.,.F.,(4,2,2,4),(-0.944783643547923,-0.639424665911285,
-0.379508288100659,0.),.UNSPECIFIED.);
#47=B_SPLINE_CURVE_WITH_KNOTS('',3,(#2325,#2326,#2327,#2328,#2329,#2330,
#2331,#2332),.UNSPECIFIED.,.F.,.F.,(4,2,2,4),(-0.914011226727426,-0.691167693127139,
-0.466817535875548,0.),.UNSPECIFIED.);
#48=B_SPLINE_CURVE_WITH_KNOTS('',3,(#2335,#2336,#2337,#2338,#2339,#2340),
 .UNSPECIFIED.,.F.,.F.,(4,2,4),(-0.805460544048868,-0.409469197784408,0.),
 .UNSPECIFIED.);
#49=B_SPLINE_CURVE_WITH_KNOTS('',3,(#2379,#2380,#2381,#2382,#2383,#2384,
#2385,#2386),.UNSPECIFIED.,.F.,.F.,(4,2,2,4),(-0.956130901914976,-0.651460420304227,
-0.3560804291472,0.),.UNSPECIFIED.);
#50=B_SPLINE_CURVE_WITH_KNOTS('',3,(#2390,#2391,#2392,#2393,#2394,#2395,
#2396,#2397),.UNSPECIFIED.,.F.,.F.,(4,2,2,4),(-0.944783643547923,-0.639424665911285,
-0.379508288100659,0.),.UNSPECIFIED.);
#51=B_SPLINE_CURVE_WITH_KNOTS('',3,(#2435,#2436,#2437,#2438,#2439,#2440,
#2441,#2442),.UNSPECIFIED.,.F.,.F.,(4,2,2,4),(-0.914011226727426,-0.691167693127139,
-0.466817535875548,0.),.UNSPECIFIED.);
#52=B_SPLINE_CURVE_WITH_KNOTS('',3,(#2445,#2446,#2447,#2448,#2449,#2450),
 .UNSPECIFIED.,.F.,.F.,(4,2,4),(-0.805460544048868,-0.409469197784408,0.),
 .UNSPECIFIED.);
#53=B_SPLINE_CURVE_WITH_KNOTS('',3,(#2489,#2490,#2491,#2492,#2493,#2494,
#2495,#2496),.UNSPECIFIED.,.F.,.F.,(4,2,2,4),(-0.956130901914976,-0.651460420304227,
-0.3560804291472,0.),.UNSPECIFIED.);
#54=B_SPLINE_CURVE_WITH_KNOTS('',3,(#2500,#2501,#2502,#2503,#2504,#2505,
#2506,#2507),.UNSPECIFIED.,.F.,.F.,(4,2,2,4),(-0.944783643547923,-0.639424665911285,
-0.379508288100659,0.),.UNSPECIFIED.);
#55=STYLED_ITEM('',(#2559),#64);
#56=STYLED_ITEM('',(#2559),#65);
#57=STYLED_ITEM('',(#2559),#66);
#58=STYLED_ITEM('',(#2559),#67);
#59=STYLED_ITEM('',(#2559),#68);
#60=STYLED_ITEM('',(#2559),#69);
#61=STYLED_ITEM('',(#2559),#70);
#62=STYLED_ITEM('',(#2559),#71);
#63=STYLED_ITEM('',(#2559),#72);
#64=MANIFOLD_SOLID_BREP('Casing',#1165);
#65=MANIFOLD_SOLID_BREP('Fan',#1166);
#66=MANIFOLD_SOLID_BREP('Wing',#1167);
#67=MANIFOLD_SOLID_BREP('Wing (1)',#1168);
#68=MANIFOLD_SOLID_BREP('Wing (2)',#1169);
#69=MANIFOLD_SOLID_BREP('Wing (3)',#1170);
#70=MANIFOLD_SOLID_BREP('Wing (4)',#1171);
#71=MANIFOLD_SOLID_BREP('Wing (5)',#1172);
#72=MANIFOLD_SOLID_BREP('Wing (6)',#1173);
#73=FACE_BOUND('',#206,.T.);
#74=FACE_BOUND('',#207,.T.);
#75=FACE_BOUND('',#208,.T.);
#76=FACE_BOUND('',#209,.T.);
#77=FACE_BOUND('',#210,.T.);
#78=FACE_BOUND('',#211,.T.);
#79=FACE_BOUND('',#212,.T.);
#80=FACE_BOUND('',#214,.T.);
#81=FACE_BOUND('',#215,.T.);
#82=FACE_BOUND('',#216,.T.);
#83=FACE_BOUND('',#217,.T.);
#84=FACE_BOUND('',#218,.T.);
#85=CYLINDRICAL_SURFACE('',#1195,14.);
#86=CYLINDRICAL_SURFACE('',#1203,8.75);
#87=CYLINDRICAL_SURFACE('',#1206,1.7);
#88=CYLINDRICAL_SURFACE('',#1209,1.7);
#89=CYLINDRICAL_SURFACE('',#1212,1.7);
#90=CYLINDRICAL_SURFACE('',#1215,8.75);
#91=CYLINDRICAL_SURFACE('',#1218,8.75);
#92=CYLINDRICAL_SURFACE('',#1221,1.7);
#93=CYLINDRICAL_SURFACE('',#1225,3.1);
#94=CYLINDRICAL_SURFACE('',#1229,3.1);
#95=CYLINDRICAL_SURFACE('',#1233,3.1);
#96=CYLINDRICAL_SURFACE('',#1237,3.1);
#97=CYLINDRICAL_SURFACE('',#1242,8.75);
#98=CYLINDRICAL_SURFACE('',#1247,14.);
#99=CYLINDRICAL_SURFACE('',#1252,8.75);
#100=CYLINDRICAL_SURFACE('',#1255,14.);
#101=CYLINDRICAL_SURFACE('',#1260,8.75);
#102=CYLINDRICAL_SURFACE('',#1263,14.);
#103=CYLINDRICAL_SURFACE('',#1268,8.75);
#104=CYLINDRICAL_SURFACE('',#1271,14.);
#105=CYLINDRICAL_SURFACE('',#1276,8.75);
#106=CYLINDRICAL_SURFACE('',#1279,14.);
#107=CYLINDRICAL_SURFACE('',#1284,8.75);
#108=CYLINDRICAL_SURFACE('',#1287,14.);
#109=CYLINDRICAL_SURFACE('',#1292,8.75);
#110=CYLINDRICAL_SURFACE('',#1295,14.);
#111=CYLINDRICAL_SURFACE('',#1300,8.75);
#112=FACE_OUTER_BOUND('',#182,.T.);
#113=FACE_OUTER_BOUND('',#183,.T.);
#114=FACE_OUTER_BOUND('',#184,.T.);
#115=FACE_OUTER_BOUND('',#185,.T.);
#116=FACE_OUTER_BOUND('',#186,.T.);
#117=FACE_OUTER_BOUND('',#187,.T.);
#118=FACE_OUTER_BOUND('',#188,.T.);
#119=FACE_OUTER_BOUND('',#189,.T.);
#120=FACE_OUTER_BOUND('',#190,.T.);
#121=FACE_OUTER_BOUND('',#191,.T.);
#122=FACE_OUTER_BOUND('',#192,.T.);
#123=FACE_OUTER_BOUND('',#193,.T.);
#124=FACE_OUTER_BOUND('',#194,.T.);
#125=FACE_OUTER_BOUND('',#195,.T.);
#126=FACE_OUTER_BOUND('',#196,.T.);
#127=FACE_OUTER_BOUND('',#197,.T.);
#128=FACE_OUTER_BOUND('',#198,.T.);
#129=FACE_OUTER_BOUND('',#199,.T.);
#130=FACE_OUTER_BOUND('',#200,.T.);
#131=FACE_OUTER_BOUND('',#201,.T.);
#132=FACE_OUTER_BOUND('',#202,.T.);
#133=FACE_OUTER_BOUND('',#203,.T.);
#134=FACE_OUTER_BOUND('',#204,.T.);
#135=FACE_OUTER_BOUND('',#205,.T.);
#136=FACE_OUTER_BOUND('',#213,.T.);
#137=FACE_OUTER_BOUND('',#219,.T.);
#138=FACE_OUTER_BOUND('',#220,.T.);
#139=FACE_OUTER_BOUND('',#221,.T.);
#140=FACE_OUTER_BOUND('',#222,.T.);
#141=FACE_OUTER_BOUND('',#223,.T.);
#142=FACE_OUTER_BOUND('',#224,.T.);
#143=FACE_OUTER_BOUND('',#225,.T.);
#144=FACE_OUTER_BOUND('',#226,.T.);
#145=FACE_OUTER_BOUND('',#227,.T.);
#146=FACE_OUTER_BOUND('',#228,.T.);
#147=FACE_OUTER_BOUND('',#229,.T.);
#148=FACE_OUTER_BOUND('',#230,.T.);
#149=FACE_OUTER_BOUND('',#231,.T.);
#150=FACE_OUTER_BOUND('',#232,.T.);
#151=FACE_OUTER_BOUND('',#233,.T.);
#152=FACE_OUTER_BOUND('',#234,.T.);
#153=FACE_OUTER_BOUND('',#235,.T.);
#154=FACE_OUTER_BOUND('',#236,.T.);
#155=FACE_OUTER_BOUND('',#237,.T.);
#156=FACE_OUTER_BOUND('',#238,.T.);
#157=FACE_OUTER_BOUND('',#239,.T.);
#158=FACE_OUTER_BOUND('',#240,.T.);
#159=FACE_OUTER_BOUND('',#241,.T.);
#160=FACE_OUTER_BOUND('',#242,.T.);
#161=FACE_OUTER_BOUND('',#243,.T.);
#162=FACE_OUTER_BOUND('',#244,.T.);
#163=FACE_OUTER_BOUND('',#245,.T.);
#164=FACE_OUTER_BOUND('',#246,.T.);
#165=FACE_OUTER_BOUND('',#247,.T.);
#166=FACE_OUTER_BOUND('',#248,.T.);
#167=FACE_OUTER_BOUND('',#249,.T.);
#168=FACE_OUTER_BOUND('',#250,.T.);
#169=FACE_OUTER_BOUND('',#251,.T.);
#170=FACE_OUTER_BOUND('',#252,.T.);
#171=FACE_OUTER_BOUND('',#253,.T.);
#172=FACE_OUTER_BOUND('',#254,.T.);
#173=FACE_OUTER_BOUND('',#255,.T.);
#174=FACE_OUTER_BOUND('',#256,.T.);
#175=FACE_OUTER_BOUND('',#257,.T.);
#176=FACE_OUTER_BOUND('',#258,.T.);
#177=FACE_OUTER_BOUND('',#259,.T.);
#178=FACE_OUTER_BOUND('',#260,.T.);
#179=FACE_OUTER_BOUND('',#261,.T.);
#180=FACE_OUTER_BOUND('',#262,.T.);
#181=FACE_OUTER_BOUND('',#263,.T.);
#182=EDGE_LOOP('',(#742,#743,#744,#745,#746,#747,#748,#749,#750,#751,#752,
#753));
#183=EDGE_LOOP('',(#754,#755,#756,#757));
#184=EDGE_LOOP('',(#758,#759,#760,#761,#762,#763,#764,#765,#766,#767,#768,
#769,#770,#771,#772,#773));
#185=EDGE_LOOP('',(#774,#775,#776,#777));
#186=EDGE_LOOP('',(#778,#779,#780,#781));
#187=EDGE_LOOP('',(#782,#783,#784,#785));
#188=EDGE_LOOP('',(#786,#787,#788,#789));
#189=EDGE_LOOP('',(#790,#791,#792,#793));
#190=EDGE_LOOP('',(#794,#795,#796,#797));
#191=EDGE_LOOP('',(#798,#799,#800,#801));
#192=EDGE_LOOP('',(#802,#803,#804,#805));
#193=EDGE_LOOP('',(#806,#807,#808,#809));
#194=EDGE_LOOP('',(#810,#811,#812,#813));
#195=EDGE_LOOP('',(#814,#815,#816,#817));
#196=EDGE_LOOP('',(#818,#819,#820,#821));
#197=EDGE_LOOP('',(#822,#823,#824,#825));
#198=EDGE_LOOP('',(#826,#827,#828,#829));
#199=EDGE_LOOP('',(#830,#831,#832,#833));
#200=EDGE_LOOP('',(#834,#835,#836,#837));
#201=EDGE_LOOP('',(#838,#839,#840,#841));
#202=EDGE_LOOP('',(#842,#843,#844,#845));
#203=EDGE_LOOP('',(#846,#847,#848,#849));
#204=EDGE_LOOP('',(#850,#851,#852,#853));
#205=EDGE_LOOP('',(#854,#855,#856,#857,#858,#859,#860,#861));
#206=EDGE_LOOP('',(#862,#863,#864,#865,#866));
#207=EDGE_LOOP('',(#867));
#208=EDGE_LOOP('',(#868,#869,#870,#871));
#209=EDGE_LOOP('',(#872,#873,#874,#875));
#210=EDGE_LOOP('',(#876));
#211=EDGE_LOOP('',(#877));
#212=EDGE_LOOP('',(#878));
#213=EDGE_LOOP('',(#879,#880,#881,#882,#883,#884,#885,#886));
#214=EDGE_LOOP('',(#887));
#215=EDGE_LOOP('',(#888));
#216=EDGE_LOOP('',(#889));
#217=EDGE_LOOP('',(#890));
#218=EDGE_LOOP('',(#891));
#219=EDGE_LOOP('',(#892,#893,#894,#895));
#220=EDGE_LOOP('',(#896));
#221=EDGE_LOOP('',(#897));
#222=EDGE_LOOP('',(#898,#899,#900,#901));
#223=EDGE_LOOP('',(#902,#903,#904,#905));
#224=EDGE_LOOP('',(#906,#907,#908,#909));
#225=EDGE_LOOP('',(#910,#911,#912,#913));
#226=EDGE_LOOP('',(#914,#915,#916,#917));
#227=EDGE_LOOP('',(#918,#919,#920,#921));
#228=EDGE_LOOP('',(#922,#923,#924,#925));
#229=EDGE_LOOP('',(#926,#927,#928,#929));
#230=EDGE_LOOP('',(#930,#931,#932,#933));
#231=EDGE_LOOP('',(#934,#935,#936,#937));
#232=EDGE_LOOP('',(#938,#939,#940,#941));
#233=EDGE_LOOP('',(#942,#943,#944,#945));
#234=EDGE_LOOP('',(#946,#947,#948,#949));
#235=EDGE_LOOP('',(#950,#951,#952,#953));
#236=EDGE_LOOP('',(#954,#955,#956,#957));
#237=EDGE_LOOP('',(#958,#959,#960,#961));
#238=EDGE_LOOP('',(#962,#963,#964,#965));
#239=EDGE_LOOP('',(#966,#967,#968,#969));
#240=EDGE_LOOP('',(#970,#971,#972,#973));
#241=EDGE_LOOP('',(#974,#975,#976,#977));
#242=EDGE_LOOP('',(#978,#979,#980,#981));
#243=EDGE_LOOP('',(#982,#983,#984,#985));
#244=EDGE_LOOP('',(#986,#987,#988,#989));
#245=EDGE_LOOP('',(#990,#991,#992,#993));
#246=EDGE_LOOP('',(#994,#995,#996,#997));
#247=EDGE_LOOP('',(#998,#999,#1000,#1001));
#248=EDGE_LOOP('',(#1002,#1003,#1004,#1005));
#249=EDGE_LOOP('',(#1006,#1007,#1008,#1009));
#250=EDGE_LOOP('',(#1010,#1011,#1012,#1013));
#251=EDGE_LOOP('',(#1014,#1015,#1016,#1017));
#252=EDGE_LOOP('',(#1018,#1019,#1020,#1021));
#253=EDGE_LOOP('',(#1022,#1023,#1024,#1025));
#254=EDGE_LOOP('',(#1026,#1027,#1028,#1029));
#255=EDGE_LOOP('',(#1030,#1031,#1032,#1033));
#256=EDGE_LOOP('',(#1034,#1035,#1036,#1037));
#257=EDGE_LOOP('',(#1038,#1039,#1040,#1041));
#258=EDGE_LOOP('',(#1042,#1043,#1044,#1045));
#259=EDGE_LOOP('',(#1046,#1047,#1048,#1049));
#260=EDGE_LOOP('',(#1050,#1051,#1052,#1053));
#261=EDGE_LOOP('',(#1054,#1055,#1056,#1057));
#262=EDGE_LOOP('',(#1058,#1059,#1060,#1061));
#263=EDGE_LOOP('',(#1062,#1063,#1064,#1065));
#264=CIRCLE('',#1188,8.75);
#265=CIRCLE('',#1189,14.);
#266=CIRCLE('',#1190,8.75);
#267=CIRCLE('',#1191,14.);
#268=CIRCLE('',#1192,8.75);
#269=CIRCLE('',#1193,14.);
#270=CIRCLE('',#1196,14.);
#271=CIRCLE('',#1197,14.);
#272=CIRCLE('',#1198,14.);
#273=CIRCLE('',#1199,14.);
#274=CIRCLE('',#1200,14.);
#275=CIRCLE('',#1204,8.75);
#276=CIRCLE('',#1207,1.7);
#277=CIRCLE('',#1208,1.7);
#278=CIRCLE('',#1210,1.7);
#279=CIRCLE('',#1211,1.7);
#280=CIRCLE('',#1213,1.7);
#281=CIRCLE('',#1214,1.7);
#282=CIRCLE('',#1216,8.75);
#283=CIRCLE('',#1219,8.75);
#284=CIRCLE('',#1222,1.7);
#285=CIRCLE('',#1223,1.7);
#286=CIRCLE('',#1226,3.1);
#287=CIRCLE('',#1227,3.1);
#288=CIRCLE('',#1230,3.1);
#289=CIRCLE('',#1231,3.1);
#290=CIRCLE('',#1234,3.1);
#291=CIRCLE('',#1235,3.1);
#292=CIRCLE('',#1238,3.1);
#293=CIRCLE('',#1239,3.1);
#294=CIRCLE('',#1243,8.75);
#295=CIRCLE('',#1244,8.75);
#296=CIRCLE('',#1248,14.);
#297=CIRCLE('',#1249,14.);
#298=CIRCLE('',#1251,8.75);
#299=CIRCLE('',#1253,8.75);
#300=CIRCLE('',#1256,14.);
#301=CIRCLE('',#1257,14.);
#302=CIRCLE('',#1259,8.75);
#303=CIRCLE('',#1261,8.75);
#304=CIRCLE('',#1264,14.);
#305=CIRCLE('',#1265,14.);
#306=CIRCLE('',#1267,8.75);
#307=CIRCLE('',#1269,8.75);
#308=CIRCLE('',#1272,14.);
#309=CIRCLE('',#1273,14.);
#310=CIRCLE('',#1275,8.75);
#311=CIRCLE('',#1277,8.75);
#312=CIRCLE('',#1280,14.);
#313=CIRCLE('',#1281,14.);
#314=CIRCLE('',#1283,8.75);
#315=CIRCLE('',#1285,8.75);
#316=CIRCLE('',#1288,14.);
#317=CIRCLE('',#1289,14.);
#318=CIRCLE('',#1291,8.75);
#319=CIRCLE('',#1293,8.75);
#320=CIRCLE('',#1296,14.);
#321=CIRCLE('',#1297,14.);
#322=CIRCLE('',#1299,8.75);
#323=CIRCLE('',#1301,8.75);
#324=LINE('',#1615,#398);
#325=LINE('',#1619,#399);
#326=LINE('',#1623,#400);
#327=LINE('',#1627,#401);
#328=LINE('',#1631,#402);
#329=LINE('',#1635,#403);
#330=LINE('',#1639,#404);
#331=LINE('',#1641,#405);
#332=LINE('',#1642,#406);
#333=LINE('',#1645,#407);
#334=LINE('',#1648,#408);
#335=LINE('',#1652,#409);
#336=LINE('',#1656,#410);
#337=LINE('',#1658,#411);
#338=LINE('',#1661,#412);
#339=LINE('',#1664,#413);
#340=LINE('',#1665,#414);
#341=LINE('',#1668,#415);
#342=LINE('',#1669,#416);
#343=LINE('',#1672,#417);
#344=LINE('',#1675,#418);
#345=LINE('',#1680,#419);
#346=LINE('',#1686,#420);
#347=LINE('',#1692,#421);
#348=LINE('',#1697,#422);
#349=LINE('',#1699,#423);
#350=LINE('',#1703,#424);
#351=LINE('',#1705,#425);
#352=LINE('',#1710,#426);
#353=LINE('',#1715,#427);
#354=LINE('',#1717,#428);
#355=LINE('',#1719,#429);
#356=LINE('',#1720,#430);
#357=LINE('',#1726,#431);
#358=LINE('',#1729,#432);
#359=LINE('',#1731,#433);
#360=LINE('',#1732,#434);
#361=LINE('',#1738,#435);
#362=LINE('',#1741,#436);
#363=LINE('',#1743,#437);
#364=LINE('',#1744,#438);
#365=LINE('',#1750,#439);
#366=LINE('',#1753,#440);
#367=LINE('',#1755,#441);
#368=LINE('',#1756,#442);
#369=LINE('',#1766,#443);
#370=LINE('',#1793,#444);
#371=LINE('',#1796,#445);
#372=LINE('',#1828,#446);
#373=LINE('',#1849,#447);
#374=LINE('',#1903,#448);
#375=LINE('',#1906,#449);
#376=LINE('',#1938,#450);
#377=LINE('',#1959,#451);
#378=LINE('',#2013,#452);
#379=LINE('',#2016,#453);
#380=LINE('',#2048,#454);
#381=LINE('',#2069,#455);
#382=LINE('',#2123,#456);
#383=LINE('',#2126,#457);
#384=LINE('',#2158,#458);
#385=LINE('',#2179,#459);
#386=LINE('',#2233,#460);
#387=LINE('',#2236,#461);
#388=LINE('',#2268,#462);
#389=LINE('',#2289,#463);
#390=LINE('',#2343,#464);
#391=LINE('',#2346,#465);
#392=LINE('',#2378,#466);
#393=LINE('',#2399,#467);
#394=LINE('',#2453,#468);
#395=LINE('',#2456,#469);
#396=LINE('',#2488,#470);
#397=LINE('',#2509,#471);
#398=VECTOR('',#1307,10.);
#399=VECTOR('',#1310,10.);
#400=VECTOR('',#1313,10.);
#401=VECTOR('',#1316,10.);
#402=VECTOR('',#1319,10.);
#403=VECTOR('',#1322,10.);
#404=VECTOR('',#1327,10.);
#405=VECTOR('',#1328,10.);
#406=VECTOR('',#1329,10.);
#407=VECTOR('',#1332,10.);
#408=VECTOR('',#1335,10.);
#409=VECTOR('',#1338,14.);
#410=VECTOR('',#1343,10.);
#411=VECTOR('',#1344,10.);
#412=VECTOR('',#1347,10.);
#413=VECTOR('',#1350,10.);
#414=VECTOR('',#1351,10.);
#415=VECTOR('',#1354,10.);
#416=VECTOR('',#1355,10.);
#417=VECTOR('',#1358,10.);
#418=VECTOR('',#1363,10.);
#419=VECTOR('',#1368,1.7);
#420=VECTOR('',#1375,1.7);
#421=VECTOR('',#1382,1.7);
#422=VECTOR('',#1389,10.);
#423=VECTOR('',#1392,10.);
#424=VECTOR('',#1397,10.);
#425=VECTOR('',#1400,10.);
#426=VECTOR('',#1405,1.7);
#427=VECTOR('',#1410,10.);
#428=VECTOR('',#1411,10.);
#429=VECTOR('',#1412,10.);
#430=VECTOR('',#1413,10.);
#431=VECTOR('',#1420,10.);
#432=VECTOR('',#1423,10.);
#433=VECTOR('',#1424,10.);
#434=VECTOR('',#1425,10.);
#435=VECTOR('',#1432,10.);
#436=VECTOR('',#1435,10.);
#437=VECTOR('',#1436,10.);
#438=VECTOR('',#1437,10.);
#439=VECTOR('',#1444,10.);
#440=VECTOR('',#1447,10.);
#441=VECTOR('',#1448,10.);
#442=VECTOR('',#1449,10.);
#443=VECTOR('',#1464,8.75);
#444=VECTOR('',#1479,10.);
#445=VECTOR('',#1482,10.);
#446=VECTOR('',#1483,10.);
#447=VECTOR('',#1490,10.);
#448=VECTOR('',#1499,10.);
#449=VECTOR('',#1502,10.);
#450=VECTOR('',#1503,10.);
#451=VECTOR('',#1510,10.);
#452=VECTOR('',#1519,10.);
#453=VECTOR('',#1522,10.);
#454=VECTOR('',#1523,10.);
#455=VECTOR('',#1530,10.);
#456=VECTOR('',#1539,10.);
#457=VECTOR('',#1542,10.);
#458=VECTOR('',#1543,10.);
#459=VECTOR('',#1550,10.);
#460=VECTOR('',#1559,10.);
#461=VECTOR('',#1562,10.);
#462=VECTOR('',#1563,10.);
#463=VECTOR('',#1570,10.);
#464=VECTOR('',#1579,10.);
#465=VECTOR('',#1582,10.);
#466=VECTOR('',#1583,10.);
#467=VECTOR('',#1590,10.);
#468=VECTOR('',#1599,10.);
#469=VECTOR('',#1602,10.);
#470=VECTOR('',#1603,10.);
#471=VECTOR('',#1610,10.);
#472=VERTEX_POINT('',#1613);
#473=VERTEX_POINT('',#1614);
#474=VERTEX_POINT('',#1616);
#475=VERTEX_POINT('',#1618);
#476=VERTEX_POINT('',#1620);
#477=VERTEX_POINT('',#1622);
#478=VERTEX_POINT('',#1624);
#479=VERTEX_POINT('',#1626);
#480=VERTEX_POINT('',#1628);
#481=VERTEX_POINT('',#1630);
#482=VERTEX_POINT('',#1632);
#483=VERTEX_POINT('',#1634);
#484=VERTEX_POINT('',#1638);
#485=VERTEX_POINT('',#1640);
#486=VERTEX_POINT('',#1644);
#487=VERTEX_POINT('',#1647);
#488=VERTEX_POINT('',#1649);
#489=VERTEX_POINT('',#1651);
#490=VERTEX_POINT('',#1654);
#491=VERTEX_POINT('',#1657);
#492=VERTEX_POINT('',#1659);
#493=VERTEX_POINT('',#1663);
#494=VERTEX_POINT('',#1667);
#495=VERTEX_POINT('',#1671);
#496=VERTEX_POINT('',#1677);
#497=VERTEX_POINT('',#1679);
#498=VERTEX_POINT('',#1683);
#499=VERTEX_POINT('',#1685);
#500=VERTEX_POINT('',#1689);
#501=VERTEX_POINT('',#1691);
#502=VERTEX_POINT('',#1695);
#503=VERTEX_POINT('',#1701);
#504=VERTEX_POINT('',#1707);
#505=VERTEX_POINT('',#1709);
#506=VERTEX_POINT('',#1713);
#507=VERTEX_POINT('',#1714);
#508=VERTEX_POINT('',#1716);
#509=VERTEX_POINT('',#1718);
#510=VERTEX_POINT('',#1722);
#511=VERTEX_POINT('',#1724);
#512=VERTEX_POINT('',#1728);
#513=VERTEX_POINT('',#1730);
#514=VERTEX_POINT('',#1734);
#515=VERTEX_POINT('',#1736);
#516=VERTEX_POINT('',#1740);
#517=VERTEX_POINT('',#1742);
#518=VERTEX_POINT('',#1746);
#519=VERTEX_POINT('',#1748);
#520=VERTEX_POINT('',#1752);
#521=VERTEX_POINT('',#1754);
#522=VERTEX_POINT('',#1763);
#523=VERTEX_POINT('',#1765);
#524=VERTEX_POINT('',#1771);
#525=VERTEX_POINT('',#1772);
#526=VERTEX_POINT('',#1774);
#527=VERTEX_POINT('',#1783);
#528=VERTEX_POINT('',#1792);
#529=VERTEX_POINT('',#1794);
#530=VERTEX_POINT('',#1827);
#531=VERTEX_POINT('',#1838);
#532=VERTEX_POINT('',#1881);
#533=VERTEX_POINT('',#1882);
#534=VERTEX_POINT('',#1884);
#535=VERTEX_POINT('',#1893);
#536=VERTEX_POINT('',#1902);
#537=VERTEX_POINT('',#1904);
#538=VERTEX_POINT('',#1937);
#539=VERTEX_POINT('',#1948);
#540=VERTEX_POINT('',#1991);
#541=VERTEX_POINT('',#1992);
#542=VERTEX_POINT('',#1994);
#543=VERTEX_POINT('',#2003);
#544=VERTEX_POINT('',#2012);
#545=VERTEX_POINT('',#2014);
#546=VERTEX_POINT('',#2047);
#547=VERTEX_POINT('',#2058);
#548=VERTEX_POINT('',#2101);
#549=VERTEX_POINT('',#2102);
#550=VERTEX_POINT('',#2104);
#551=VERTEX_POINT('',#2113);
#552=VERTEX_POINT('',#2122);
#553=VERTEX_POINT('',#2124);
#554=VERTEX_POINT('',#2157);
#555=VERTEX_POINT('',#2168);
#556=VERTEX_POINT('',#2211);
#557=VERTEX_POINT('',#2212);
#558=VERTEX_POINT('',#2214);
#559=VERTEX_POINT('',#2223);
#560=VERTEX_POINT('',#2232);
#561=VERTEX_POINT('',#2234);
#562=VERTEX_POINT('',#2267);
#563=VERTEX_POINT('',#2278);
#564=VERTEX_POINT('',#2321);
#565=VERTEX_POINT('',#2322);
#566=VERTEX_POINT('',#2324);
#567=VERTEX_POINT('',#2333);
#568=VERTEX_POINT('',#2342);
#569=VERTEX_POINT('',#2344);
#570=VERTEX_POINT('',#2377);
#571=VERTEX_POINT('',#2388);
#572=VERTEX_POINT('',#2431);
#573=VERTEX_POINT('',#2432);
#574=VERTEX_POINT('',#2434);
#575=VERTEX_POINT('',#2443);
#576=VERTEX_POINT('',#2452);
#577=VERTEX_POINT('',#2454);
#578=VERTEX_POINT('',#2487);
#579=VERTEX_POINT('',#2498);
#580=EDGE_CURVE('',#472,#473,#324,.T.);
#581=EDGE_CURVE('',#474,#472,#264,.T.);
#582=EDGE_CURVE('',#475,#474,#325,.T.);
#583=EDGE_CURVE('',#476,#475,#265,.T.);
#584=EDGE_CURVE('',#477,#476,#326,.T.);
#585=EDGE_CURVE('',#478,#477,#266,.T.);
#586=EDGE_CURVE('',#479,#478,#327,.T.);
#587=EDGE_CURVE('',#480,#479,#267,.T.);
#588=EDGE_CURVE('',#481,#480,#328,.T.);
#589=EDGE_CURVE('',#482,#481,#268,.T.);
#590=EDGE_CURVE('',#483,#482,#329,.T.);
#591=EDGE_CURVE('',#473,#483,#269,.T.);
#592=EDGE_CURVE('',#473,#484,#330,.T.);
#593=EDGE_CURVE('',#485,#484,#331,.T.);
#594=EDGE_CURVE('',#472,#485,#332,.T.);
#595=EDGE_CURVE('',#475,#486,#333,.T.);
#596=EDGE_CURVE('',#484,#486,#270,.T.);
#597=EDGE_CURVE('',#483,#487,#334,.T.);
#598=EDGE_CURVE('',#488,#487,#271,.T.);
#599=EDGE_CURVE('',#488,#489,#335,.T.);
#600=EDGE_CURVE('',#489,#489,#272,.T.);
#601=EDGE_CURVE('',#490,#488,#273,.T.);
#602=EDGE_CURVE('',#480,#490,#336,.T.);
#603=EDGE_CURVE('',#479,#491,#337,.T.);
#604=EDGE_CURVE('',#492,#491,#274,.T.);
#605=EDGE_CURVE('',#476,#492,#338,.T.);
#606=EDGE_CURVE('',#493,#492,#339,.T.);
#607=EDGE_CURVE('',#477,#493,#340,.T.);
#608=EDGE_CURVE('',#482,#494,#341,.T.);
#609=EDGE_CURVE('',#487,#494,#342,.T.);
#610=EDGE_CURVE('',#481,#495,#343,.T.);
#611=EDGE_CURVE('',#494,#495,#275,.T.);
#612=EDGE_CURVE('',#495,#490,#344,.T.);
#613=EDGE_CURVE('',#496,#496,#276,.T.);
#614=EDGE_CURVE('',#496,#497,#345,.T.);
#615=EDGE_CURVE('',#497,#497,#277,.T.);
#616=EDGE_CURVE('',#498,#498,#278,.T.);
#617=EDGE_CURVE('',#498,#499,#346,.T.);
#618=EDGE_CURVE('',#499,#499,#279,.T.);
#619=EDGE_CURVE('',#500,#500,#280,.T.);
#620=EDGE_CURVE('',#500,#501,#347,.T.);
#621=EDGE_CURVE('',#501,#501,#281,.T.);
#622=EDGE_CURVE('',#502,#485,#282,.T.);
#623=EDGE_CURVE('',#474,#502,#348,.T.);
#624=EDGE_CURVE('',#486,#502,#349,.T.);
#625=EDGE_CURVE('',#503,#493,#283,.T.);
#626=EDGE_CURVE('',#478,#503,#350,.T.);
#627=EDGE_CURVE('',#491,#503,#351,.T.);
#628=EDGE_CURVE('',#504,#504,#284,.T.);
#629=EDGE_CURVE('',#504,#505,#352,.T.);
#630=EDGE_CURVE('',#505,#505,#285,.T.);
#631=EDGE_CURVE('',#506,#507,#353,.T.);
#632=EDGE_CURVE('',#506,#508,#354,.T.);
#633=EDGE_CURVE('',#509,#508,#355,.T.);
#634=EDGE_CURVE('',#507,#509,#356,.T.);
#635=EDGE_CURVE('',#510,#507,#286,.T.);
#636=EDGE_CURVE('',#511,#509,#287,.T.);
#637=EDGE_CURVE('',#510,#511,#357,.T.);
#638=EDGE_CURVE('',#510,#512,#358,.T.);
#639=EDGE_CURVE('',#513,#511,#359,.T.);
#640=EDGE_CURVE('',#512,#513,#360,.T.);
#641=EDGE_CURVE('',#514,#512,#288,.T.);
#642=EDGE_CURVE('',#515,#513,#289,.T.);
#643=EDGE_CURVE('',#514,#515,#361,.T.);
#644=EDGE_CURVE('',#514,#516,#362,.T.);
#645=EDGE_CURVE('',#517,#515,#363,.T.);
#646=EDGE_CURVE('',#516,#517,#364,.T.);
#647=EDGE_CURVE('',#518,#516,#290,.T.);
#648=EDGE_CURVE('',#519,#517,#291,.T.);
#649=EDGE_CURVE('',#518,#519,#365,.T.);
#650=EDGE_CURVE('',#518,#520,#366,.T.);
#651=EDGE_CURVE('',#521,#519,#367,.T.);
#652=EDGE_CURVE('',#520,#521,#368,.T.);
#653=EDGE_CURVE('',#506,#520,#292,.T.);
#654=EDGE_CURVE('',#508,#521,#293,.T.);
#655=EDGE_CURVE('',#522,#522,#294,.T.);
#656=EDGE_CURVE('',#522,#523,#369,.T.);
#657=EDGE_CURVE('',#523,#523,#295,.T.);
#658=EDGE_CURVE('',#524,#525,#296,.T.);
#659=EDGE_CURVE('',#526,#524,#27,.T.);
#660=EDGE_CURVE('',#527,#526,#297,.T.);
#661=EDGE_CURVE('',#525,#527,#28,.T.);
#662=EDGE_CURVE('',#528,#526,#370,.T.);
#663=EDGE_CURVE('',#528,#529,#298,.T.);
#664=EDGE_CURVE('',#527,#529,#371,.T.);
#665=EDGE_CURVE('',#530,#524,#372,.T.);
#666=EDGE_CURVE('',#530,#528,#29,.T.);
#667=EDGE_CURVE('',#531,#530,#299,.T.);
#668=EDGE_CURVE('',#529,#531,#30,.T.);
#669=EDGE_CURVE('',#531,#525,#373,.T.);
#670=EDGE_CURVE('',#532,#533,#300,.T.);
#671=EDGE_CURVE('',#534,#532,#31,.T.);
#672=EDGE_CURVE('',#535,#534,#301,.T.);
#673=EDGE_CURVE('',#533,#535,#32,.T.);
#674=EDGE_CURVE('',#536,#534,#374,.T.);
#675=EDGE_CURVE('',#536,#537,#302,.T.);
#676=EDGE_CURVE('',#535,#537,#375,.T.);
#677=EDGE_CURVE('',#538,#532,#376,.T.);
#678=EDGE_CURVE('',#538,#536,#33,.T.);
#679=EDGE_CURVE('',#539,#538,#303,.T.);
#680=EDGE_CURVE('',#537,#539,#34,.T.);
#681=EDGE_CURVE('',#539,#533,#377,.T.);
#682=EDGE_CURVE('',#540,#541,#304,.T.);
#683=EDGE_CURVE('',#542,#540,#35,.T.);
#684=EDGE_CURVE('',#543,#542,#305,.T.);
#685=EDGE_CURVE('',#541,#543,#36,.T.);
#686=EDGE_CURVE('',#544,#542,#378,.T.);
#687=EDGE_CURVE('',#544,#545,#306,.T.);
#688=EDGE_CURVE('',#543,#545,#379,.T.);
#689=EDGE_CURVE('',#546,#540,#380,.T.);
#690=EDGE_CURVE('',#546,#544,#37,.T.);
#691=EDGE_CURVE('',#547,#546,#307,.T.);
#692=EDGE_CURVE('',#545,#547,#38,.T.);
#693=EDGE_CURVE('',#547,#541,#381,.T.);
#694=EDGE_CURVE('',#548,#549,#308,.T.);
#695=EDGE_CURVE('',#550,#548,#39,.T.);
#696=EDGE_CURVE('',#551,#550,#309,.T.);
#697=EDGE_CURVE('',#549,#551,#40,.T.);
#698=EDGE_CURVE('',#552,#550,#382,.T.);
#699=EDGE_CURVE('',#552,#553,#310,.T.);
#700=EDGE_CURVE('',#551,#553,#383,.T.);
#701=EDGE_CURVE('',#554,#548,#384,.T.);
#702=EDGE_CURVE('',#554,#552,#41,.T.);
#703=EDGE_CURVE('',#555,#554,#311,.T.);
#704=EDGE_CURVE('',#553,#555,#42,.T.);
#705=EDGE_CURVE('',#555,#549,#385,.T.);
#706=EDGE_CURVE('',#556,#557,#312,.T.);
#707=EDGE_CURVE('',#558,#556,#43,.T.);
#708=EDGE_CURVE('',#559,#558,#313,.T.);
#709=EDGE_CURVE('',#557,#559,#44,.T.);
#710=EDGE_CURVE('',#560,#558,#386,.T.);
#711=EDGE_CURVE('',#560,#561,#314,.T.);
#712=EDGE_CURVE('',#559,#561,#387,.T.);
#713=EDGE_CURVE('',#562,#556,#388,.T.);
#714=EDGE_CURVE('',#562,#560,#45,.T.);
#715=EDGE_CURVE('',#563,#562,#315,.T.);
#716=EDGE_CURVE('',#561,#563,#46,.T.);
#717=EDGE_CURVE('',#563,#557,#389,.T.);
#718=EDGE_CURVE('',#564,#565,#316,.T.);
#719=EDGE_CURVE('',#566,#564,#47,.T.);
#720=EDGE_CURVE('',#567,#566,#317,.T.);
#721=EDGE_CURVE('',#565,#567,#48,.T.);
#722=EDGE_CURVE('',#568,#566,#390,.T.);
#723=EDGE_CURVE('',#568,#569,#318,.T.);
#724=EDGE_CURVE('',#567,#569,#391,.T.);
#725=EDGE_CURVE('',#570,#564,#392,.T.);
#726=EDGE_CURVE('',#570,#568,#49,.T.);
#727=EDGE_CURVE('',#571,#570,#319,.T.);
#728=EDGE_CURVE('',#569,#571,#50,.T.);
#729=EDGE_CURVE('',#571,#565,#393,.T.);
#730=EDGE_CURVE('',#572,#573,#320,.T.);
#731=EDGE_CURVE('',#574,#572,#51,.T.);
#732=EDGE_CURVE('',#575,#574,#321,.T.);
#733=EDGE_CURVE('',#573,#575,#52,.T.);
#734=EDGE_CURVE('',#576,#574,#394,.T.);
#735=EDGE_CURVE('',#576,#577,#322,.T.);
#736=EDGE_CURVE('',#575,#577,#395,.T.);
#737=EDGE_CURVE('',#578,#572,#396,.T.);
#738=EDGE_CURVE('',#578,#576,#53,.T.);
#739=EDGE_CURVE('',#579,#578,#323,.T.);
#740=EDGE_CURVE('',#577,#579,#54,.T.);
#741=EDGE_CURVE('',#579,#573,#397,.T.);
#742=ORIENTED_EDGE('',*,*,#580,.F.);
#743=ORIENTED_EDGE('',*,*,#581,.F.);
#744=ORIENTED_EDGE('',*,*,#582,.F.);
#745=ORIENTED_EDGE('',*,*,#583,.F.);
#746=ORIENTED_EDGE('',*,*,#584,.F.);
#747=ORIENTED_EDGE('',*,*,#585,.F.);
#748=ORIENTED_EDGE('',*,*,#586,.F.);
#749=ORIENTED_EDGE('',*,*,#587,.F.);
#750=ORIENTED_EDGE('',*,*,#588,.F.);
#751=ORIENTED_EDGE('',*,*,#589,.F.);
#752=ORIENTED_EDGE('',*,*,#590,.F.);
#753=ORIENTED_EDGE('',*,*,#591,.F.);
#754=ORIENTED_EDGE('',*,*,#580,.T.);
#755=ORIENTED_EDGE('',*,*,#592,.T.);
#756=ORIENTED_EDGE('',*,*,#593,.F.);
#757=ORIENTED_EDGE('',*,*,#594,.F.);
#758=ORIENTED_EDGE('',*,*,#595,.T.);
#759=ORIENTED_EDGE('',*,*,#596,.F.);
#760=ORIENTED_EDGE('',*,*,#592,.F.);
#761=ORIENTED_EDGE('',*,*,#591,.T.);
#762=ORIENTED_EDGE('',*,*,#597,.T.);
#763=ORIENTED_EDGE('',*,*,#598,.F.);
#764=ORIENTED_EDGE('',*,*,#599,.T.);
#765=ORIENTED_EDGE('',*,*,#600,.F.);
#766=ORIENTED_EDGE('',*,*,#599,.F.);
#767=ORIENTED_EDGE('',*,*,#601,.F.);
#768=ORIENTED_EDGE('',*,*,#602,.F.);
#769=ORIENTED_EDGE('',*,*,#587,.T.);
#770=ORIENTED_EDGE('',*,*,#603,.T.);
#771=ORIENTED_EDGE('',*,*,#604,.F.);
#772=ORIENTED_EDGE('',*,*,#605,.F.);
#773=ORIENTED_EDGE('',*,*,#583,.T.);
#774=ORIENTED_EDGE('',*,*,#584,.T.);
#775=ORIENTED_EDGE('',*,*,#605,.T.);
#776=ORIENTED_EDGE('',*,*,#606,.F.);
#777=ORIENTED_EDGE('',*,*,#607,.F.);
#778=ORIENTED_EDGE('',*,*,#590,.T.);
#779=ORIENTED_EDGE('',*,*,#608,.T.);
#780=ORIENTED_EDGE('',*,*,#609,.F.);
#781=ORIENTED_EDGE('',*,*,#597,.F.);
#782=ORIENTED_EDGE('',*,*,#589,.T.);
#783=ORIENTED_EDGE('',*,*,#610,.T.);
#784=ORIENTED_EDGE('',*,*,#611,.F.);
#785=ORIENTED_EDGE('',*,*,#608,.F.);
#786=ORIENTED_EDGE('',*,*,#588,.T.);
#787=ORIENTED_EDGE('',*,*,#602,.T.);
#788=ORIENTED_EDGE('',*,*,#612,.F.);
#789=ORIENTED_EDGE('',*,*,#610,.F.);
#790=ORIENTED_EDGE('',*,*,#613,.F.);
#791=ORIENTED_EDGE('',*,*,#614,.T.);
#792=ORIENTED_EDGE('',*,*,#615,.T.);
#793=ORIENTED_EDGE('',*,*,#614,.F.);
#794=ORIENTED_EDGE('',*,*,#616,.F.);
#795=ORIENTED_EDGE('',*,*,#617,.T.);
#796=ORIENTED_EDGE('',*,*,#618,.T.);
#797=ORIENTED_EDGE('',*,*,#617,.F.);
#798=ORIENTED_EDGE('',*,*,#619,.F.);
#799=ORIENTED_EDGE('',*,*,#620,.T.);
#800=ORIENTED_EDGE('',*,*,#621,.T.);
#801=ORIENTED_EDGE('',*,*,#620,.F.);
#802=ORIENTED_EDGE('',*,*,#581,.T.);
#803=ORIENTED_EDGE('',*,*,#594,.T.);
#804=ORIENTED_EDGE('',*,*,#622,.F.);
#805=ORIENTED_EDGE('',*,*,#623,.F.);
#806=ORIENTED_EDGE('',*,*,#582,.T.);
#807=ORIENTED_EDGE('',*,*,#623,.T.);
#808=ORIENTED_EDGE('',*,*,#624,.F.);
#809=ORIENTED_EDGE('',*,*,#595,.F.);
#810=ORIENTED_EDGE('',*,*,#585,.T.);
#811=ORIENTED_EDGE('',*,*,#607,.T.);
#812=ORIENTED_EDGE('',*,*,#625,.F.);
#813=ORIENTED_EDGE('',*,*,#626,.F.);
#814=ORIENTED_EDGE('',*,*,#586,.T.);
#815=ORIENTED_EDGE('',*,*,#626,.T.);
#816=ORIENTED_EDGE('',*,*,#627,.F.);
#817=ORIENTED_EDGE('',*,*,#603,.F.);
#818=ORIENTED_EDGE('',*,*,#628,.F.);
#819=ORIENTED_EDGE('',*,*,#629,.T.);
#820=ORIENTED_EDGE('',*,*,#630,.T.);
#821=ORIENTED_EDGE('',*,*,#629,.F.);
#822=ORIENTED_EDGE('',*,*,#631,.F.);
#823=ORIENTED_EDGE('',*,*,#632,.T.);
#824=ORIENTED_EDGE('',*,*,#633,.F.);
#825=ORIENTED_EDGE('',*,*,#634,.F.);
#826=ORIENTED_EDGE('',*,*,#635,.T.);
#827=ORIENTED_EDGE('',*,*,#634,.T.);
#828=ORIENTED_EDGE('',*,*,#636,.F.);
#829=ORIENTED_EDGE('',*,*,#637,.F.);
#830=ORIENTED_EDGE('',*,*,#638,.F.);
#831=ORIENTED_EDGE('',*,*,#637,.T.);
#832=ORIENTED_EDGE('',*,*,#639,.F.);
#833=ORIENTED_EDGE('',*,*,#640,.F.);
#834=ORIENTED_EDGE('',*,*,#641,.T.);
#835=ORIENTED_EDGE('',*,*,#640,.T.);
#836=ORIENTED_EDGE('',*,*,#642,.F.);
#837=ORIENTED_EDGE('',*,*,#643,.F.);
#838=ORIENTED_EDGE('',*,*,#644,.F.);
#839=ORIENTED_EDGE('',*,*,#643,.T.);
#840=ORIENTED_EDGE('',*,*,#645,.F.);
#841=ORIENTED_EDGE('',*,*,#646,.F.);
#842=ORIENTED_EDGE('',*,*,#647,.T.);
#843=ORIENTED_EDGE('',*,*,#646,.T.);
#844=ORIENTED_EDGE('',*,*,#648,.F.);
#845=ORIENTED_EDGE('',*,*,#649,.F.);
#846=ORIENTED_EDGE('',*,*,#650,.F.);
#847=ORIENTED_EDGE('',*,*,#649,.T.);
#848=ORIENTED_EDGE('',*,*,#651,.F.);
#849=ORIENTED_EDGE('',*,*,#652,.F.);
#850=ORIENTED_EDGE('',*,*,#653,.T.);
#851=ORIENTED_EDGE('',*,*,#652,.T.);
#852=ORIENTED_EDGE('',*,*,#654,.F.);
#853=ORIENTED_EDGE('',*,*,#632,.F.);
#854=ORIENTED_EDGE('',*,*,#654,.T.);
#855=ORIENTED_EDGE('',*,*,#651,.T.);
#856=ORIENTED_EDGE('',*,*,#648,.T.);
#857=ORIENTED_EDGE('',*,*,#645,.T.);
#858=ORIENTED_EDGE('',*,*,#642,.T.);
#859=ORIENTED_EDGE('',*,*,#639,.T.);
#860=ORIENTED_EDGE('',*,*,#636,.T.);
#861=ORIENTED_EDGE('',*,*,#633,.T.);
#862=ORIENTED_EDGE('',*,*,#611,.T.);
#863=ORIENTED_EDGE('',*,*,#612,.T.);
#864=ORIENTED_EDGE('',*,*,#601,.T.);
#865=ORIENTED_EDGE('',*,*,#598,.T.);
#866=ORIENTED_EDGE('',*,*,#609,.T.);
#867=ORIENTED_EDGE('',*,*,#628,.T.);
#868=ORIENTED_EDGE('',*,*,#627,.T.);
#869=ORIENTED_EDGE('',*,*,#625,.T.);
#870=ORIENTED_EDGE('',*,*,#606,.T.);
#871=ORIENTED_EDGE('',*,*,#604,.T.);
#872=ORIENTED_EDGE('',*,*,#624,.T.);
#873=ORIENTED_EDGE('',*,*,#622,.T.);
#874=ORIENTED_EDGE('',*,*,#593,.T.);
#875=ORIENTED_EDGE('',*,*,#596,.T.);
#876=ORIENTED_EDGE('',*,*,#619,.T.);
#877=ORIENTED_EDGE('',*,*,#616,.T.);
#878=ORIENTED_EDGE('',*,*,#613,.T.);
#879=ORIENTED_EDGE('',*,*,#653,.F.);
#880=ORIENTED_EDGE('',*,*,#631,.T.);
#881=ORIENTED_EDGE('',*,*,#635,.F.);
#882=ORIENTED_EDGE('',*,*,#638,.T.);
#883=ORIENTED_EDGE('',*,*,#641,.F.);
#884=ORIENTED_EDGE('',*,*,#644,.T.);
#885=ORIENTED_EDGE('',*,*,#647,.F.);
#886=ORIENTED_EDGE('',*,*,#650,.T.);
#887=ORIENTED_EDGE('',*,*,#600,.T.);
#888=ORIENTED_EDGE('',*,*,#630,.F.);
#889=ORIENTED_EDGE('',*,*,#621,.F.);
#890=ORIENTED_EDGE('',*,*,#618,.F.);
#891=ORIENTED_EDGE('',*,*,#615,.F.);
#892=ORIENTED_EDGE('',*,*,#655,.F.);
#893=ORIENTED_EDGE('',*,*,#656,.T.);
#894=ORIENTED_EDGE('',*,*,#657,.T.);
#895=ORIENTED_EDGE('',*,*,#656,.F.);
#896=ORIENTED_EDGE('',*,*,#655,.T.);
#897=ORIENTED_EDGE('',*,*,#657,.F.);
#898=ORIENTED_EDGE('',*,*,#658,.F.);
#899=ORIENTED_EDGE('',*,*,#659,.F.);
#900=ORIENTED_EDGE('',*,*,#660,.F.);
#901=ORIENTED_EDGE('',*,*,#661,.F.);
#902=ORIENTED_EDGE('',*,*,#660,.T.);
#903=ORIENTED_EDGE('',*,*,#662,.F.);
#904=ORIENTED_EDGE('',*,*,#663,.T.);
#905=ORIENTED_EDGE('',*,*,#664,.F.);
#906=ORIENTED_EDGE('',*,*,#659,.T.);
#907=ORIENTED_EDGE('',*,*,#665,.F.);
#908=ORIENTED_EDGE('',*,*,#666,.T.);
#909=ORIENTED_EDGE('',*,*,#662,.T.);
#910=ORIENTED_EDGE('',*,*,#663,.F.);
#911=ORIENTED_EDGE('',*,*,#666,.F.);
#912=ORIENTED_EDGE('',*,*,#667,.F.);
#913=ORIENTED_EDGE('',*,*,#668,.F.);
#914=ORIENTED_EDGE('',*,*,#658,.T.);
#915=ORIENTED_EDGE('',*,*,#669,.F.);
#916=ORIENTED_EDGE('',*,*,#667,.T.);
#917=ORIENTED_EDGE('',*,*,#665,.T.);
#918=ORIENTED_EDGE('',*,*,#661,.T.);
#919=ORIENTED_EDGE('',*,*,#664,.T.);
#920=ORIENTED_EDGE('',*,*,#668,.T.);
#921=ORIENTED_EDGE('',*,*,#669,.T.);
#922=ORIENTED_EDGE('',*,*,#670,.F.);
#923=ORIENTED_EDGE('',*,*,#671,.F.);
#924=ORIENTED_EDGE('',*,*,#672,.F.);
#925=ORIENTED_EDGE('',*,*,#673,.F.);
#926=ORIENTED_EDGE('',*,*,#672,.T.);
#927=ORIENTED_EDGE('',*,*,#674,.F.);
#928=ORIENTED_EDGE('',*,*,#675,.T.);
#929=ORIENTED_EDGE('',*,*,#676,.F.);
#930=ORIENTED_EDGE('',*,*,#671,.T.);
#931=ORIENTED_EDGE('',*,*,#677,.F.);
#932=ORIENTED_EDGE('',*,*,#678,.T.);
#933=ORIENTED_EDGE('',*,*,#674,.T.);
#934=ORIENTED_EDGE('',*,*,#675,.F.);
#935=ORIENTED_EDGE('',*,*,#678,.F.);
#936=ORIENTED_EDGE('',*,*,#679,.F.);
#937=ORIENTED_EDGE('',*,*,#680,.F.);
#938=ORIENTED_EDGE('',*,*,#670,.T.);
#939=ORIENTED_EDGE('',*,*,#681,.F.);
#940=ORIENTED_EDGE('',*,*,#679,.T.);
#941=ORIENTED_EDGE('',*,*,#677,.T.);
#942=ORIENTED_EDGE('',*,*,#673,.T.);
#943=ORIENTED_EDGE('',*,*,#676,.T.);
#944=ORIENTED_EDGE('',*,*,#680,.T.);
#945=ORIENTED_EDGE('',*,*,#681,.T.);
#946=ORIENTED_EDGE('',*,*,#682,.F.);
#947=ORIENTED_EDGE('',*,*,#683,.F.);
#948=ORIENTED_EDGE('',*,*,#684,.F.);
#949=ORIENTED_EDGE('',*,*,#685,.F.);
#950=ORIENTED_EDGE('',*,*,#684,.T.);
#951=ORIENTED_EDGE('',*,*,#686,.F.);
#952=ORIENTED_EDGE('',*,*,#687,.T.);
#953=ORIENTED_EDGE('',*,*,#688,.F.);
#954=ORIENTED_EDGE('',*,*,#683,.T.);
#955=ORIENTED_EDGE('',*,*,#689,.F.);
#956=ORIENTED_EDGE('',*,*,#690,.T.);
#957=ORIENTED_EDGE('',*,*,#686,.T.);
#958=ORIENTED_EDGE('',*,*,#687,.F.);
#959=ORIENTED_EDGE('',*,*,#690,.F.);
#960=ORIENTED_EDGE('',*,*,#691,.F.);
#961=ORIENTED_EDGE('',*,*,#692,.F.);
#962=ORIENTED_EDGE('',*,*,#682,.T.);
#963=ORIENTED_EDGE('',*,*,#693,.F.);
#964=ORIENTED_EDGE('',*,*,#691,.T.);
#965=ORIENTED_EDGE('',*,*,#689,.T.);
#966=ORIENTED_EDGE('',*,*,#685,.T.);
#967=ORIENTED_EDGE('',*,*,#688,.T.);
#968=ORIENTED_EDGE('',*,*,#692,.T.);
#969=ORIENTED_EDGE('',*,*,#693,.T.);
#970=ORIENTED_EDGE('',*,*,#694,.F.);
#971=ORIENTED_EDGE('',*,*,#695,.F.);
#972=ORIENTED_EDGE('',*,*,#696,.F.);
#973=ORIENTED_EDGE('',*,*,#697,.F.);
#974=ORIENTED_EDGE('',*,*,#696,.T.);
#975=ORIENTED_EDGE('',*,*,#698,.F.);
#976=ORIENTED_EDGE('',*,*,#699,.T.);
#977=ORIENTED_EDGE('',*,*,#700,.F.);
#978=ORIENTED_EDGE('',*,*,#695,.T.);
#979=ORIENTED_EDGE('',*,*,#701,.F.);
#980=ORIENTED_EDGE('',*,*,#702,.T.);
#981=ORIENTED_EDGE('',*,*,#698,.T.);
#982=ORIENTED_EDGE('',*,*,#699,.F.);
#983=ORIENTED_EDGE('',*,*,#702,.F.);
#984=ORIENTED_EDGE('',*,*,#703,.F.);
#985=ORIENTED_EDGE('',*,*,#704,.F.);
#986=ORIENTED_EDGE('',*,*,#694,.T.);
#987=ORIENTED_EDGE('',*,*,#705,.F.);
#988=ORIENTED_EDGE('',*,*,#703,.T.);
#989=ORIENTED_EDGE('',*,*,#701,.T.);
#990=ORIENTED_EDGE('',*,*,#697,.T.);
#991=ORIENTED_EDGE('',*,*,#700,.T.);
#992=ORIENTED_EDGE('',*,*,#704,.T.);
#993=ORIENTED_EDGE('',*,*,#705,.T.);
#994=ORIENTED_EDGE('',*,*,#706,.F.);
#995=ORIENTED_EDGE('',*,*,#707,.F.);
#996=ORIENTED_EDGE('',*,*,#708,.F.);
#997=ORIENTED_EDGE('',*,*,#709,.F.);
#998=ORIENTED_EDGE('',*,*,#708,.T.);
#999=ORIENTED_EDGE('',*,*,#710,.F.);
#1000=ORIENTED_EDGE('',*,*,#711,.T.);
#1001=ORIENTED_EDGE('',*,*,#712,.F.);
#1002=ORIENTED_EDGE('',*,*,#707,.T.);
#1003=ORIENTED_EDGE('',*,*,#713,.F.);
#1004=ORIENTED_EDGE('',*,*,#714,.T.);
#1005=ORIENTED_EDGE('',*,*,#710,.T.);
#1006=ORIENTED_EDGE('',*,*,#711,.F.);
#1007=ORIENTED_EDGE('',*,*,#714,.F.);
#1008=ORIENTED_EDGE('',*,*,#715,.F.);
#1009=ORIENTED_EDGE('',*,*,#716,.F.);
#1010=ORIENTED_EDGE('',*,*,#706,.T.);
#1011=ORIENTED_EDGE('',*,*,#717,.F.);
#1012=ORIENTED_EDGE('',*,*,#715,.T.);
#1013=ORIENTED_EDGE('',*,*,#713,.T.);
#1014=ORIENTED_EDGE('',*,*,#709,.T.);
#1015=ORIENTED_EDGE('',*,*,#712,.T.);
#1016=ORIENTED_EDGE('',*,*,#716,.T.);
#1017=ORIENTED_EDGE('',*,*,#717,.T.);
#1018=ORIENTED_EDGE('',*,*,#718,.F.);
#1019=ORIENTED_EDGE('',*,*,#719,.F.);
#1020=ORIENTED_EDGE('',*,*,#720,.F.);
#1021=ORIENTED_EDGE('',*,*,#721,.F.);
#1022=ORIENTED_EDGE('',*,*,#720,.T.);
#1023=ORIENTED_EDGE('',*,*,#722,.F.);
#1024=ORIENTED_EDGE('',*,*,#723,.T.);
#1025=ORIENTED_EDGE('',*,*,#724,.F.);
#1026=ORIENTED_EDGE('',*,*,#719,.T.);
#1027=ORIENTED_EDGE('',*,*,#725,.F.);
#1028=ORIENTED_EDGE('',*,*,#726,.T.);
#1029=ORIENTED_EDGE('',*,*,#722,.T.);
#1030=ORIENTED_EDGE('',*,*,#723,.F.);
#1031=ORIENTED_EDGE('',*,*,#726,.F.);
#1032=ORIENTED_EDGE('',*,*,#727,.F.);
#1033=ORIENTED_EDGE('',*,*,#728,.F.);
#1034=ORIENTED_EDGE('',*,*,#718,.T.);
#1035=ORIENTED_EDGE('',*,*,#729,.F.);
#1036=ORIENTED_EDGE('',*,*,#727,.T.);
#1037=ORIENTED_EDGE('',*,*,#725,.T.);
#1038=ORIENTED_EDGE('',*,*,#721,.T.);
#1039=ORIENTED_EDGE('',*,*,#724,.T.);
#1040=ORIENTED_EDGE('',*,*,#728,.T.);
#1041=ORIENTED_EDGE('',*,*,#729,.T.);
#1042=ORIENTED_EDGE('',*,*,#730,.F.);
#1043=ORIENTED_EDGE('',*,*,#731,.F.);
#1044=ORIENTED_EDGE('',*,*,#732,.F.);
#1045=ORIENTED_EDGE('',*,*,#733,.F.);
#1046=ORIENTED_EDGE('',*,*,#732,.T.);
#1047=ORIENTED_EDGE('',*,*,#734,.F.);
#1048=ORIENTED_EDGE('',*,*,#735,.T.);
#1049=ORIENTED_EDGE('',*,*,#736,.F.);
#1050=ORIENTED_EDGE('',*,*,#731,.T.);
#1051=ORIENTED_EDGE('',*,*,#737,.F.);
#1052=ORIENTED_EDGE('',*,*,#738,.T.);
#1053=ORIENTED_EDGE('',*,*,#734,.T.);
#1054=ORIENTED_EDGE('',*,*,#735,.F.);
#1055=ORIENTED_EDGE('',*,*,#738,.F.);
#1056=ORIENTED_EDGE('',*,*,#739,.F.);
#1057=ORIENTED_EDGE('',*,*,#740,.F.);
#1058=ORIENTED_EDGE('',*,*,#730,.T.);
#1059=ORIENTED_EDGE('',*,*,#741,.F.);
#1060=ORIENTED_EDGE('',*,*,#739,.T.);
#1061=ORIENTED_EDGE('',*,*,#737,.T.);
#1062=ORIENTED_EDGE('',*,*,#733,.T.);
#1063=ORIENTED_EDGE('',*,*,#736,.T.);
#1064=ORIENTED_EDGE('',*,*,#740,.T.);
#1065=ORIENTED_EDGE('',*,*,#741,.T.);
#1066=PLANE('',#1187);
#1067=PLANE('',#1194);
#1068=PLANE('',#1201);
#1069=PLANE('',#1202);
#1070=PLANE('',#1205);
#1071=PLANE('',#1217);
#1072=PLANE('',#1220);
#1073=PLANE('',#1224);
#1074=PLANE('',#1228);
#1075=PLANE('',#1232);
#1076=PLANE('',#1236);
#1077=PLANE('',#1240);
#1078=PLANE('',#1241);
#1079=PLANE('',#1245);
#1080=PLANE('',#1246);
#1081=PLANE('',#1250);
#1082=PLANE('',#1254);
#1083=PLANE('',#1258);
#1084=PLANE('',#1262);
#1085=PLANE('',#1266);
#1086=PLANE('',#1270);
#1087=PLANE('',#1274);
#1088=PLANE('',#1278);
#1089=PLANE('',#1282);
#1090=PLANE('',#1286);
#1091=PLANE('',#1290);
#1092=PLANE('',#1294);
#1093=PLANE('',#1298);
#1094=PLANE('',#1302);
#1095=ADVANCED_FACE('',(#112),#1066,.T.);
#1096=ADVANCED_FACE('',(#113),#1067,.T.);
#1097=ADVANCED_FACE('',(#114),#85,.F.);
#1098=ADVANCED_FACE('',(#115),#1068,.T.);
#1099=ADVANCED_FACE('',(#116),#1069,.T.);
#1100=ADVANCED_FACE('',(#117),#86,.T.);
#1101=ADVANCED_FACE('',(#118),#1070,.T.);
#1102=ADVANCED_FACE('',(#119),#87,.F.);
#1103=ADVANCED_FACE('',(#120),#88,.F.);
#1104=ADVANCED_FACE('',(#121),#89,.F.);
#1105=ADVANCED_FACE('',(#122),#90,.T.);
#1106=ADVANCED_FACE('',(#123),#1071,.T.);
#1107=ADVANCED_FACE('',(#124),#91,.T.);
#1108=ADVANCED_FACE('',(#125),#1072,.T.);
#1109=ADVANCED_FACE('',(#126),#92,.F.);
#1110=ADVANCED_FACE('',(#127),#1073,.T.);
#1111=ADVANCED_FACE('',(#128),#93,.T.);
#1112=ADVANCED_FACE('',(#129),#1074,.T.);
#1113=ADVANCED_FACE('',(#130),#94,.T.);
#1114=ADVANCED_FACE('',(#131),#1075,.T.);
#1115=ADVANCED_FACE('',(#132),#95,.T.);
#1116=ADVANCED_FACE('',(#133),#1076,.T.);
#1117=ADVANCED_FACE('',(#134),#96,.T.);
#1118=ADVANCED_FACE('',(#135,#73,#74,#75,#76,#77,#78,#79),#1077,.T.);
#1119=ADVANCED_FACE('',(#136,#80,#81,#82,#83,#84),#1078,.F.);
#1120=ADVANCED_FACE('',(#137),#97,.T.);
#1121=ADVANCED_FACE('',(#138),#1079,.T.);
#1122=ADVANCED_FACE('',(#139),#1080,.F.);
#1123=ADVANCED_FACE('',(#140),#98,.T.);
#1124=ADVANCED_FACE('',(#141),#1081,.T.);
#1125=ADVANCED_FACE('',(#142),#13,.T.);
#1126=ADVANCED_FACE('',(#143),#99,.F.);
#1127=ADVANCED_FACE('',(#144),#1082,.T.);
#1128=ADVANCED_FACE('',(#145),#14,.T.);
#1129=ADVANCED_FACE('',(#146),#100,.T.);
#1130=ADVANCED_FACE('',(#147),#1083,.T.);
#1131=ADVANCED_FACE('',(#148),#15,.T.);
#1132=ADVANCED_FACE('',(#149),#101,.F.);
#1133=ADVANCED_FACE('',(#150),#1084,.T.);
#1134=ADVANCED_FACE('',(#151),#16,.T.);
#1135=ADVANCED_FACE('',(#152),#102,.T.);
#1136=ADVANCED_FACE('',(#153),#1085,.T.);
#1137=ADVANCED_FACE('',(#154),#17,.T.);
#1138=ADVANCED_FACE('',(#155),#103,.F.);
#1139=ADVANCED_FACE('',(#156),#1086,.T.);
#1140=ADVANCED_FACE('',(#157),#18,.T.);
#1141=ADVANCED_FACE('',(#158),#104,.T.);
#1142=ADVANCED_FACE('',(#159),#1087,.T.);
#1143=ADVANCED_FACE('',(#160),#19,.T.);
#1144=ADVANCED_FACE('',(#161),#105,.F.);
#1145=ADVANCED_FACE('',(#162),#1088,.T.);
#1146=ADVANCED_FACE('',(#163),#20,.T.);
#1147=ADVANCED_FACE('',(#164),#106,.T.);
#1148=ADVANCED_FACE('',(#165),#1089,.T.);
#1149=ADVANCED_FACE('',(#166),#21,.T.);
#1150=ADVANCED_FACE('',(#167),#107,.F.);
#1151=ADVANCED_FACE('',(#168),#1090,.T.);
#1152=ADVANCED_FACE('',(#169),#22,.T.);
#1153=ADVANCED_FACE('',(#170),#108,.T.);
#1154=ADVANCED_FACE('',(#171),#1091,.T.);
#1155=ADVANCED_FACE('',(#172),#23,.T.);
#1156=ADVANCED_FACE('',(#173),#109,.F.);
#1157=ADVANCED_FACE('',(#174),#1092,.T.);
#1158=ADVANCED_FACE('',(#175),#24,.T.);
#1159=ADVANCED_FACE('',(#176),#110,.T.);
#1160=ADVANCED_FACE('',(#177),#1093,.T.);
#1161=ADVANCED_FACE('',(#178),#25,.T.);
#1162=ADVANCED_FACE('',(#179),#111,.F.);
#1163=ADVANCED_FACE('',(#180),#1094,.T.);
#1164=ADVANCED_FACE('',(#181),#26,.T.);
#1165=CLOSED_SHELL('',(#1095,#1096,#1097,#1098,#1099,#1100,#1101,#1102,
#1103,#1104,#1105,#1106,#1107,#1108,#1109,#1110,#1111,#1112,#1113,#1114,
#1115,#1116,#1117,#1118,#1119));
#1166=CLOSED_SHELL('',(#1120,#1121,#1122));
#1167=CLOSED_SHELL('',(#1123,#1124,#1125,#1126,#1127,#1128));
#1168=CLOSED_SHELL('',(#1129,#1130,#1131,#1132,#1133,#1134));
#1169=CLOSED_SHELL('',(#1135,#1136,#1137,#1138,#1139,#1140));
#1170=CLOSED_SHELL('',(#1141,#1142,#1143,#1144,#1145,#1146));
#1171=CLOSED_SHELL('',(#1147,#1148,#1149,#1150,#1151,#1152));
#1172=CLOSED_SHELL('',(#1153,#1154,#1155,#1156,#1157,#1158));
#1173=CLOSED_SHELL('',(#1159,#1160,#1161,#1162,#1163,#1164));
#1174=DERIVED_UNIT_ELEMENT(#1176,1.);
#1175=DERIVED_UNIT_ELEMENT(#2545,-3.);
#1176=(
MASS_UNIT()
NAMED_UNIT(*)
SI_UNIT(.KILO.,.GRAM.)
);
#1177=DERIVED_UNIT((#1174,#1175));
#1178=MEASURE_REPRESENTATION_ITEM('density measure',
POSITIVE_RATIO_MEASURE(1060.),#1177);
#1179=PROPERTY_DEFINITION_REPRESENTATION(#1184,#1181);
#1180=PROPERTY_DEFINITION_REPRESENTATION(#1185,#1182);
#1181=REPRESENTATION('material name',(#1183),#2542);
#1182=REPRESENTATION('density',(#1178),#2542);
#1183=DESCRIPTIVE_REPRESENTATION_ITEM('ABS Plastic','ABS Plastic');
#1184=PROPERTY_DEFINITION('material property','material name',#2552);
#1185=PROPERTY_DEFINITION('material property','density of part',#2552);
#1186=AXIS2_PLACEMENT_3D('placement',#1611,#1303,#1304);
#1187=AXIS2_PLACEMENT_3D('',#1612,#1305,#1306);
#1188=AXIS2_PLACEMENT_3D('',#1617,#1308,#1309);
#1189=AXIS2_PLACEMENT_3D('',#1621,#1311,#1312);
#1190=AXIS2_PLACEMENT_3D('',#1625,#1314,#1315);
#1191=AXIS2_PLACEMENT_3D('',#1629,#1317,#1318);
#1192=AXIS2_PLACEMENT_3D('',#1633,#1320,#1321);
#1193=AXIS2_PLACEMENT_3D('',#1636,#1323,#1324);
#1194=AXIS2_PLACEMENT_3D('',#1637,#1325,#1326);
#1195=AXIS2_PLACEMENT_3D('',#1643,#1330,#1331);
#1196=AXIS2_PLACEMENT_3D('',#1646,#1333,#1334);
#1197=AXIS2_PLACEMENT_3D('',#1650,#1336,#1337);
#1198=AXIS2_PLACEMENT_3D('',#1653,#1339,#1340);
#1199=AXIS2_PLACEMENT_3D('',#1655,#1341,#1342);
#1200=AXIS2_PLACEMENT_3D('',#1660,#1345,#1346);
#1201=AXIS2_PLACEMENT_3D('',#1662,#1348,#1349);
#1202=AXIS2_PLACEMENT_3D('',#1666,#1352,#1353);
#1203=AXIS2_PLACEMENT_3D('',#1670,#1356,#1357);
#1204=AXIS2_PLACEMENT_3D('',#1673,#1359,#1360);
#1205=AXIS2_PLACEMENT_3D('',#1674,#1361,#1362);
#1206=AXIS2_PLACEMENT_3D('',#1676,#1364,#1365);
#1207=AXIS2_PLACEMENT_3D('',#1678,#1366,#1367);
#1208=AXIS2_PLACEMENT_3D('',#1681,#1369,#1370);
#1209=AXIS2_PLACEMENT_3D('',#1682,#1371,#1372);
#1210=AXIS2_PLACEMENT_3D('',#1684,#1373,#1374);
#1211=AXIS2_PLACEMENT_3D('',#1687,#1376,#1377);
#1212=AXIS2_PLACEMENT_3D('',#1688,#1378,#1379);
#1213=AXIS2_PLACEMENT_3D('',#1690,#1380,#1381);
#1214=AXIS2_PLACEMENT_3D('',#1693,#1383,#1384);
#1215=AXIS2_PLACEMENT_3D('',#1694,#1385,#1386);
#1216=AXIS2_PLACEMENT_3D('',#1696,#1387,#1388);
#1217=AXIS2_PLACEMENT_3D('',#1698,#1390,#1391);
#1218=AXIS2_PLACEMENT_3D('',#1700,#1393,#1394);
#1219=AXIS2_PLACEMENT_3D('',#1702,#1395,#1396);
#1220=AXIS2_PLACEMENT_3D('',#1704,#1398,#1399);
#1221=AXIS2_PLACEMENT_3D('',#1706,#1401,#1402);
#1222=AXIS2_PLACEMENT_3D('',#1708,#1403,#1404);
#1223=AXIS2_PLACEMENT_3D('',#1711,#1406,#1407);
#1224=AXIS2_PLACEMENT_3D('',#1712,#1408,#1409);
#1225=AXIS2_PLACEMENT_3D('',#1721,#1414,#1415);
#1226=AXIS2_PLACEMENT_3D('',#1723,#1416,#1417);
#1227=AXIS2_PLACEMENT_3D('',#1725,#1418,#1419);
#1228=AXIS2_PLACEMENT_3D('',#1727,#1421,#1422);
#1229=AXIS2_PLACEMENT_3D('',#1733,#1426,#1427);
#1230=AXIS2_PLACEMENT_3D('',#1735,#1428,#1429);
#1231=AXIS2_PLACEMENT_3D('',#1737,#1430,#1431);
#1232=AXIS2_PLACEMENT_3D('',#1739,#1433,#1434);
#1233=AXIS2_PLACEMENT_3D('',#1745,#1438,#1439);
#1234=AXIS2_PLACEMENT_3D('',#1747,#1440,#1441);
#1235=AXIS2_PLACEMENT_3D('',#1749,#1442,#1443);
#1236=AXIS2_PLACEMENT_3D('',#1751,#1445,#1446);
#1237=AXIS2_PLACEMENT_3D('',#1757,#1450,#1451);
#1238=AXIS2_PLACEMENT_3D('',#1758,#1452,#1453);
#1239=AXIS2_PLACEMENT_3D('',#1759,#1454,#1455);
#1240=AXIS2_PLACEMENT_3D('',#1760,#1456,#1457);
#1241=AXIS2_PLACEMENT_3D('',#1761,#1458,#1459);
#1242=AXIS2_PLACEMENT_3D('',#1762,#1460,#1461);
#1243=AXIS2_PLACEMENT_3D('',#1764,#1462,#1463);
#1244=AXIS2_PLACEMENT_3D('',#1767,#1465,#1466);
#1245=AXIS2_PLACEMENT_3D('',#1768,#1467,#1468);
#1246=AXIS2_PLACEMENT_3D('',#1769,#1469,#1470);
#1247=AXIS2_PLACEMENT_3D('',#1770,#1471,#1472);
#1248=AXIS2_PLACEMENT_3D('',#1773,#1473,#1474);
#1249=AXIS2_PLACEMENT_3D('',#1784,#1475,#1476);
#1250=AXIS2_PLACEMENT_3D('',#1791,#1477,#1478);
#1251=AXIS2_PLACEMENT_3D('',#1795,#1480,#1481);
#1252=AXIS2_PLACEMENT_3D('',#1837,#1484,#1485);
#1253=AXIS2_PLACEMENT_3D('',#1839,#1486,#1487);
#1254=AXIS2_PLACEMENT_3D('',#1848,#1488,#1489);
#1255=AXIS2_PLACEMENT_3D('',#1880,#1491,#1492);
#1256=AXIS2_PLACEMENT_3D('',#1883,#1493,#1494);
#1257=AXIS2_PLACEMENT_3D('',#1894,#1495,#1496);
#1258=AXIS2_PLACEMENT_3D('',#1901,#1497,#1498);
#1259=AXIS2_PLACEMENT_3D('',#1905,#1500,#1501);
#1260=AXIS2_PLACEMENT_3D('',#1947,#1504,#1505);
#1261=AXIS2_PLACEMENT_3D('',#1949,#1506,#1507);
#1262=AXIS2_PLACEMENT_3D('',#1958,#1508,#1509);
#1263=AXIS2_PLACEMENT_3D('',#1990,#1511,#1512);
#1264=AXIS2_PLACEMENT_3D('',#1993,#1513,#1514);
#1265=AXIS2_PLACEMENT_3D('',#2004,#1515,#1516);
#1266=AXIS2_PLACEMENT_3D('',#2011,#1517,#1518);
#1267=AXIS2_PLACEMENT_3D('',#2015,#1520,#1521);
#1268=AXIS2_PLACEMENT_3D('',#2057,#1524,#1525);
#1269=AXIS2_PLACEMENT_3D('',#2059,#1526,#1527);
#1270=AXIS2_PLACEMENT_3D('',#2068,#1528,#1529);
#1271=AXIS2_PLACEMENT_3D('',#2100,#1531,#1532);
#1272=AXIS2_PLACEMENT_3D('',#2103,#1533,#1534);
#1273=AXIS2_PLACEMENT_3D('',#2114,#1535,#1536);
#1274=AXIS2_PLACEMENT_3D('',#2121,#1537,#1538);
#1275=AXIS2_PLACEMENT_3D('',#2125,#1540,#1541);
#1276=AXIS2_PLACEMENT_3D('',#2167,#1544,#1545);
#1277=AXIS2_PLACEMENT_3D('',#2169,#1546,#1547);
#1278=AXIS2_PLACEMENT_3D('',#2178,#1548,#1549);
#1279=AXIS2_PLACEMENT_3D('',#2210,#1551,#1552);
#1280=AXIS2_PLACEMENT_3D('',#2213,#1553,#1554);
#1281=AXIS2_PLACEMENT_3D('',#2224,#1555,#1556);
#1282=AXIS2_PLACEMENT_3D('',#2231,#1557,#1558);
#1283=AXIS2_PLACEMENT_3D('',#2235,#1560,#1561);
#1284=AXIS2_PLACEMENT_3D('',#2277,#1564,#1565);
#1285=AXIS2_PLACEMENT_3D('',#2279,#1566,#1567);
#1286=AXIS2_PLACEMENT_3D('',#2288,#1568,#1569);
#1287=AXIS2_PLACEMENT_3D('',#2320,#1571,#1572);
#1288=AXIS2_PLACEMENT_3D('',#2323,#1573,#1574);
#1289=AXIS2_PLACEMENT_3D('',#2334,#1575,#1576);
#1290=AXIS2_PLACEMENT_3D('',#2341,#1577,#1578);
#1291=AXIS2_PLACEMENT_3D('',#2345,#1580,#1581);
#1292=AXIS2_PLACEMENT_3D('',#2387,#1584,#1585);
#1293=AXIS2_PLACEMENT_3D('',#2389,#1586,#1587);
#1294=AXIS2_PLACEMENT_3D('',#2398,#1588,#1589);
#1295=AXIS2_PLACEMENT_3D('',#2430,#1591,#1592);
#1296=AXIS2_PLACEMENT_3D('',#2433,#1593,#1594);
#1297=AXIS2_PLACEMENT_3D('',#2444,#1595,#1596);
#1298=AXIS2_PLACEMENT_3D('',#2451,#1597,#1598);
#1299=AXIS2_PLACEMENT_3D('',#2455,#1600,#1601);
#1300=AXIS2_PLACEMENT_3D('',#2497,#1604,#1605);
#1301=AXIS2_PLACEMENT_3D('',#2499,#1606,#1607);
#1302=AXIS2_PLACEMENT_3D('',#2508,#1608,#1609);
#1303=DIRECTION('axis',(0.,0.,1.));
#1304=DIRECTION('refdir',(1.,0.,0.));
#1305=DIRECTION('center_axis',(0.,0.,-1.));
#1306=DIRECTION('ref_axis',(1.,0.,0.));
#1307=DIRECTION('',(0.,1.,0.));
#1308=DIRECTION('center_axis',(0.,0.,1.));
#1309=DIRECTION('ref_axis',(1.,0.,0.));
#1310=DIRECTION('',(-0.866025403784439,0.5,0.));
#1311=DIRECTION('center_axis',(0.,0.,1.));
#1312=DIRECTION('ref_axis',(1.,0.,0.));
#1313=DIRECTION('',(0.866025403784439,-0.5,0.));
#1314=DIRECTION('center_axis',(0.,0.,1.));
#1315=DIRECTION('ref_axis',(1.,0.,0.));
#1316=DIRECTION('',(0.866025403784439,0.5,0.));
#1317=DIRECTION('center_axis',(0.,0.,1.));
#1318=DIRECTION('ref_axis',(1.,0.,0.));
#1319=DIRECTION('',(-0.866025403784439,-0.5,0.));
#1320=DIRECTION('center_axis',(0.,0.,1.));
#1321=DIRECTION('ref_axis',(1.,0.,0.));
#1322=DIRECTION('',(0.,-1.,0.));
#1323=DIRECTION('center_axis',(0.,0.,1.));
#1324=DIRECTION('ref_axis',(1.,0.,0.));
#1325=DIRECTION('center_axis',(1.,0.,0.));
#1326=DIRECTION('ref_axis',(0.,1.,0.));
#1327=DIRECTION('',(0.,0.,1.));
#1328=DIRECTION('',(0.,1.,0.));
#1329=DIRECTION('',(0.,0.,1.));
#1330=DIRECTION('center_axis',(0.,0.,1.));
#1331=DIRECTION('ref_axis',(1.,0.,0.));
#1332=DIRECTION('',(0.,0.,1.));
#1333=DIRECTION('center_axis',(0.,0.,-1.));
#1334=DIRECTION('ref_axis',(1.,0.,0.));
#1335=DIRECTION('',(0.,0.,1.));
#1336=DIRECTION('center_axis',(0.,0.,-1.));
#1337=DIRECTION('ref_axis',(1.,0.,0.));
#1338=DIRECTION('',(0.,0.,-1.));
#1339=DIRECTION('center_axis',(0.,0.,1.));
#1340=DIRECTION('ref_axis',(1.,0.,0.));
#1341=DIRECTION('center_axis',(0.,0.,-1.));
#1342=DIRECTION('ref_axis',(1.,0.,0.));
#1343=DIRECTION('',(0.,0.,1.));
#1344=DIRECTION('',(0.,0.,1.));
#1345=DIRECTION('center_axis',(0.,0.,-1.));
#1346=DIRECTION('ref_axis',(1.,0.,0.));
#1347=DIRECTION('',(0.,0.,1.));
#1348=DIRECTION('center_axis',(-0.5,-0.866025403784439,0.));
#1349=DIRECTION('ref_axis',(0.866025403784439,-0.5,0.));
#1350=DIRECTION('',(0.866025403784439,-0.5,0.));
#1351=DIRECTION('',(0.,0.,1.));
#1352=DIRECTION('center_axis',(-1.,0.,0.));
#1353=DIRECTION('ref_axis',(0.,-1.,0.));
#1354=DIRECTION('',(0.,0.,1.));
#1355=DIRECTION('',(0.,-1.,0.));
#1356=DIRECTION('center_axis',(0.,0.,1.));
#1357=DIRECTION('ref_axis',(-0.866025403784439,0.5,0.));
#1358=DIRECTION('',(0.,0.,1.));
#1359=DIRECTION('center_axis',(0.,0.,1.));
#1360=DIRECTION('ref_axis',(1.,0.,0.));
#1361=DIRECTION('center_axis',(-0.5,0.866025403784439,0.));
#1362=DIRECTION('ref_axis',(-0.866025403784439,-0.5,0.));
#1363=DIRECTION('',(-0.866025403784439,-0.5,0.));
#1364=DIRECTION('center_axis',(0.,0.,1.));
#1365=DIRECTION('ref_axis',(1.,0.,0.));
#1366=DIRECTION('center_axis',(0.,0.,-1.));
#1367=DIRECTION('ref_axis',(1.,0.,0.));
#1368=DIRECTION('',(0.,0.,-1.));
#1369=DIRECTION('center_axis',(0.,0.,-1.));
#1370=DIRECTION('ref_axis',(1.,0.,0.));
#1371=DIRECTION('center_axis',(0.,0.,1.));
#1372=DIRECTION('ref_axis',(1.,0.,0.));
#1373=DIRECTION('center_axis',(0.,0.,-1.));
#1374=DIRECTION('ref_axis',(1.,0.,0.));
#1375=DIRECTION('',(0.,0.,-1.));
#1376=DIRECTION('center_axis',(0.,0.,-1.));
#1377=DIRECTION('ref_axis',(1.,0.,0.));
#1378=DIRECTION('center_axis',(0.,0.,1.));
#1379=DIRECTION('ref_axis',(1.,0.,0.));
#1380=DIRECTION('center_axis',(0.,0.,-1.));
#1381=DIRECTION('ref_axis',(1.,0.,0.));
#1382=DIRECTION('',(0.,0.,-1.));
#1383=DIRECTION('center_axis',(0.,0.,-1.));
#1384=DIRECTION('ref_axis',(1.,0.,0.));
#1385=DIRECTION('center_axis',(0.,0.,1.));
#1386=DIRECTION('ref_axis',(1.,0.,0.));
#1387=DIRECTION('center_axis',(0.,0.,1.));
#1388=DIRECTION('ref_axis',(1.,0.,0.));
#1389=DIRECTION('',(0.,0.,1.));
#1390=DIRECTION('center_axis',(0.5,0.866025403784439,0.));
#1391=DIRECTION('ref_axis',(-0.866025403784439,0.5,0.));
#1392=DIRECTION('',(-0.866025403784439,0.5,0.));
#1393=DIRECTION('center_axis',(0.,0.,1.));
#1394=DIRECTION('ref_axis',(1.,0.,0.));
#1395=DIRECTION('center_axis',(0.,0.,1.));
#1396=DIRECTION('ref_axis',(1.,0.,0.));
#1397=DIRECTION('',(0.,0.,1.));
#1398=DIRECTION('center_axis',(0.5,-0.866025403784439,0.));
#1399=DIRECTION('ref_axis',(0.866025403784439,0.5,0.));
#1400=DIRECTION('',(0.866025403784439,0.5,0.));
#1401=DIRECTION('center_axis',(0.,0.,1.));
#1402=DIRECTION('ref_axis',(1.,0.,0.));
#1403=DIRECTION('center_axis',(0.,0.,-1.));
#1404=DIRECTION('ref_axis',(1.,0.,0.));
#1405=DIRECTION('',(0.,0.,-1.));
#1406=DIRECTION('center_axis',(0.,0.,-1.));
#1407=DIRECTION('ref_axis',(1.,0.,0.));
#1408=DIRECTION('center_axis',(0.,1.,0.));
#1409=DIRECTION('ref_axis',(-1.,0.,0.));
#1410=DIRECTION('',(1.,0.,0.));
#1411=DIRECTION('',(0.,0.,1.));
#1412=DIRECTION('',(-1.,0.,0.));
#1413=DIRECTION('',(0.,0.,1.));
#1414=DIRECTION('center_axis',(0.,0.,1.));
#1415=DIRECTION('ref_axis',(1.,7.16272919113004E-16,0.));
#1416=DIRECTION('center_axis',(0.,0.,1.));
#1417=DIRECTION('ref_axis',(1.,7.16272919113004E-16,0.));
#1418=DIRECTION('center_axis',(0.,0.,1.));
#1419=DIRECTION('ref_axis',(1.,7.16272919113004E-16,0.));
#1420=DIRECTION('',(0.,0.,1.));
#1421=DIRECTION('center_axis',(1.,-9.3296052489509E-17,0.));
#1422=DIRECTION('ref_axis',(9.3296052489509E-17,1.,0.));
#1423=DIRECTION('',(-9.3296052489509E-17,-1.,0.));
#1424=DIRECTION('',(9.3296052489509E-17,1.,0.));
#1425=DIRECTION('',(0.,0.,1.));
#1426=DIRECTION('center_axis',(0.,0.,1.));
#1427=DIRECTION('ref_axis',(7.16272919113004E-16,-1.,0.));
#1428=DIRECTION('center_axis',(0.,0.,1.));
#1429=DIRECTION('ref_axis',(7.16272919113004E-16,-1.,0.));
#1430=DIRECTION('center_axis',(0.,0.,1.));
#1431=DIRECTION('ref_axis',(7.16272919113004E-16,-1.,0.));
#1432=DIRECTION('',(0.,0.,1.));
#1433=DIRECTION('center_axis',(0.,-1.,0.));
#1434=DIRECTION('ref_axis',(1.,0.,0.));
#1435=DIRECTION('',(-1.,0.,0.));
#1436=DIRECTION('',(1.,0.,0.));
#1437=DIRECTION('',(0.,0.,1.));
#1438=DIRECTION('center_axis',(0.,0.,1.));
#1439=DIRECTION('ref_axis',(-1.,1.43254583822601E-15,0.));
#1440=DIRECTION('center_axis',(0.,0.,1.));
#1441=DIRECTION('ref_axis',(-1.,1.43254583822601E-15,0.));
#1442=DIRECTION('center_axis',(0.,0.,1.));
#1443=DIRECTION('ref_axis',(-1.,1.43254583822601E-15,0.));
#1444=DIRECTION('',(0.,0.,1.));
#1445=DIRECTION('center_axis',(-1.,-9.3296052489509E-17,0.));
#1446=DIRECTION('ref_axis',(9.3296052489509E-17,-1.,0.));
#1447=DIRECTION('',(-9.3296052489509E-17,1.,0.));
#1448=DIRECTION('',(9.3296052489509E-17,-1.,0.));
#1449=DIRECTION('',(0.,0.,1.));
#1450=DIRECTION('center_axis',(0.,0.,1.));
#1451=DIRECTION('ref_axis',(0.,1.,0.));
#1452=DIRECTION('center_axis',(0.,0.,1.));
#1453=DIRECTION('ref_axis',(0.,1.,0.));
#1454=DIRECTION('center_axis',(0.,0.,1.));
#1455=DIRECTION('ref_axis',(0.,1.,0.));
#1456=DIRECTION('center_axis',(0.,0.,1.));
#1457=DIRECTION('ref_axis',(1.,0.,0.));
#1458=DIRECTION('center_axis',(0.,0.,1.));
#1459=DIRECTION('ref_axis',(1.,0.,0.));
#1460=DIRECTION('center_axis',(0.,0.,-1.));
#1461=DIRECTION('ref_axis',(1.,0.,0.));
#1462=DIRECTION('center_axis',(0.,0.,-1.));
#1463=DIRECTION('ref_axis',(1.,0.,0.));
#1464=DIRECTION('',(0.,0.,1.));
#1465=DIRECTION('center_axis',(0.,0.,-1.));
#1466=DIRECTION('ref_axis',(1.,0.,0.));
#1467=DIRECTION('center_axis',(0.,0.,-1.));
#1468=DIRECTION('ref_axis',(1.,0.,0.));
#1469=DIRECTION('center_axis',(0.,0.,-1.));
#1470=DIRECTION('ref_axis',(1.,0.,0.));
#1471=DIRECTION('center_axis',(0.,0.,1.));
#1472=DIRECTION('ref_axis',(1.,0.,0.));
#1473=DIRECTION('center_axis',(0.,0.,1.));
#1474=DIRECTION('ref_axis',(1.,0.,0.));
#1475=DIRECTION('center_axis',(0.,0.,-1.));
#1476=DIRECTION('ref_axis',(1.,0.,0.));
#1477=DIRECTION('center_axis',(0.,0.,-1.));
#1478=DIRECTION('ref_axis',(0.965925826289068,0.258819045102521,0.));
#1479=DIRECTION('',(0.258819045102521,-0.965925826289068,0.));
#1480=DIRECTION('center_axis',(0.,0.,1.));
#1481=DIRECTION('ref_axis',(1.,0.,0.));
#1482=DIRECTION('',(-0.258819045102521,0.965925826289068,0.));
#1483=DIRECTION('',(0.258819045102521,-0.965925826289068,0.));
#1484=DIRECTION('center_axis',(0.,0.,-1.));
#1485=DIRECTION('ref_axis',(1.,0.,0.));
#1486=DIRECTION('center_axis',(0.,0.,-1.));
#1487=DIRECTION('ref_axis',(1.,0.,0.));
#1488=DIRECTION('center_axis',(0.,0.,1.));
#1489=DIRECTION('ref_axis',(-0.965925826289068,-0.258819045102521,0.));
#1490=DIRECTION('',(0.258819045102521,-0.965925826289068,0.));
#1491=DIRECTION('center_axis',(0.,0.,1.));
#1492=DIRECTION('ref_axis',(0.623489801858733,0.78183148246803,0.));
#1493=DIRECTION('center_axis',(0.,0.,1.));
#1494=DIRECTION('ref_axis',(0.623489801858733,0.78183148246803,0.));
#1495=DIRECTION('center_axis',(0.,0.,-1.));
#1496=DIRECTION('ref_axis',(0.623489801858733,0.78183148246803,0.));
#1497=DIRECTION('center_axis',(0.,0.,-1.));
#1498=DIRECTION('ref_axis',(0.399892024319741,0.916562255869976,0.));
#1499=DIRECTION('',(0.916562255869976,-0.399892024319741,0.));
#1500=DIRECTION('center_axis',(0.,0.,1.));
#1501=DIRECTION('ref_axis',(0.623489801858733,0.78183148246803,0.));
#1502=DIRECTION('',(-0.916562255869976,0.399892024319741,0.));
#1503=DIRECTION('',(0.916562255869976,-0.399892024319741,0.));
#1504=DIRECTION('center_axis',(0.,0.,-1.));
#1505=DIRECTION('ref_axis',(0.623489801858733,0.78183148246803,0.));
#1506=DIRECTION('center_axis',(0.,0.,-1.));
#1507=DIRECTION('ref_axis',(0.623489801858733,0.78183148246803,0.));
#1508=DIRECTION('center_axis',(0.,0.,1.));
#1509=DIRECTION('ref_axis',(-0.399892024319741,-0.916562255869976,0.));
#1510=DIRECTION('',(0.916562255869976,-0.399892024319741,0.));
#1511=DIRECTION('center_axis',(0.,0.,1.));
#1512=DIRECTION('ref_axis',(-0.222520933956314,0.974927912181824,0.));
#1513=DIRECTION('center_axis',(0.,0.,1.));
#1514=DIRECTION('ref_axis',(-0.222520933956314,0.974927912181824,0.));
#1515=DIRECTION('center_axis',(0.,0.,-1.));
#1516=DIRECTION('ref_axis',(-0.222520933956314,0.974927912181824,0.));
#1517=DIRECTION('center_axis',(0.,0.,-1.));
#1518=DIRECTION('ref_axis',(-0.467268628273062,0.88411539350461,0.));
#1519=DIRECTION('',(0.88411539350461,0.467268628273062,0.));
#1520=DIRECTION('center_axis',(0.,0.,1.));
#1521=DIRECTION('ref_axis',(-0.222520933956314,0.974927912181824,0.));
#1522=DIRECTION('',(-0.88411539350461,-0.467268628273062,0.));
#1523=DIRECTION('',(0.88411539350461,0.467268628273062,0.));
#1524=DIRECTION('center_axis',(0.,0.,-1.));
#1525=DIRECTION('ref_axis',(-0.222520933956314,0.974927912181824,0.));
#1526=DIRECTION('center_axis',(0.,0.,-1.));
#1527=DIRECTION('ref_axis',(-0.222520933956314,0.974927912181824,0.));
#1528=DIRECTION('center_axis',(0.,0.,1.));
#1529=DIRECTION('ref_axis',(0.467268628273062,-0.88411539350461,0.));
#1530=DIRECTION('',(0.88411539350461,0.467268628273062,0.));
#1531=DIRECTION('center_axis',(0.,0.,1.));
#1532=DIRECTION('ref_axis',(-0.900968867902419,0.433883739117558,0.));
#1533=DIRECTION('center_axis',(0.,0.,1.));
#1534=DIRECTION('ref_axis',(-0.900968867902419,0.433883739117558,0.));
#1535=DIRECTION('center_axis',(0.,0.,-1.));
#1536=DIRECTION('ref_axis',(-0.900968867902419,0.433883739117558,0.));
#1537=DIRECTION('center_axis',(0.,0.,-1.));
#1538=DIRECTION('ref_axis',(-0.982566473233288,0.185911607162915,0.));
#1539=DIRECTION('',(0.185911607162915,0.982566473233288,0.));
#1540=DIRECTION('center_axis',(0.,0.,1.));
#1541=DIRECTION('ref_axis',(-0.900968867902419,0.433883739117558,0.));
#1542=DIRECTION('',(-0.185911607162915,-0.982566473233288,0.));
#1543=DIRECTION('',(0.185911607162915,0.982566473233288,0.));
#1544=DIRECTION('center_axis',(0.,0.,-1.));
#1545=DIRECTION('ref_axis',(-0.900968867902419,0.433883739117558,0.));
#1546=DIRECTION('center_axis',(0.,0.,-1.));
#1547=DIRECTION('ref_axis',(-0.900968867902419,0.433883739117558,0.));
#1548=DIRECTION('center_axis',(0.,0.,1.));
#1549=DIRECTION('ref_axis',(0.982566473233288,-0.185911607162915,0.));
#1550=DIRECTION('',(0.185911607162915,0.982566473233288,0.));
#1551=DIRECTION('center_axis',(0.,0.,1.));
#1552=DIRECTION('ref_axis',(-0.900968867902419,-0.433883739117558,0.));
#1553=DIRECTION('center_axis',(0.,0.,1.));
#1554=DIRECTION('ref_axis',(-0.900968867902419,-0.433883739117558,0.));
#1555=DIRECTION('center_axis',(0.,0.,-1.));
#1556=DIRECTION('ref_axis',(-0.900968867902419,-0.433883739117558,0.));
#1557=DIRECTION('center_axis',(0.,0.,-1.));
#1558=DIRECTION('ref_axis',(-0.757971723145453,-0.652287411278121,0.));
#1559=DIRECTION('',(-0.652287411278121,0.757971723145453,0.));
#1560=DIRECTION('center_axis',(0.,0.,1.));
#1561=DIRECTION('ref_axis',(-0.900968867902419,-0.433883739117558,0.));
#1562=DIRECTION('',(0.652287411278121,-0.757971723145453,0.));
#1563=DIRECTION('',(-0.652287411278121,0.757971723145453,0.));
#1564=DIRECTION('center_axis',(0.,0.,-1.));
#1565=DIRECTION('ref_axis',(-0.900968867902419,-0.433883739117558,0.));
#1566=DIRECTION('center_axis',(0.,0.,-1.));
#1567=DIRECTION('ref_axis',(-0.900968867902419,-0.433883739117558,0.));
#1568=DIRECTION('center_axis',(0.,0.,1.));
#1569=DIRECTION('ref_axis',(0.757971723145453,0.652287411278121,0.));
#1570=DIRECTION('',(-0.652287411278121,0.757971723145453,0.));
#1571=DIRECTION('center_axis',(0.,0.,1.));
#1572=DIRECTION('ref_axis',(-0.222520933956315,-0.974927912181824,0.));
#1573=DIRECTION('center_axis',(0.,0.,1.));
#1574=DIRECTION('ref_axis',(-0.222520933956315,-0.974927912181824,0.));
#1575=DIRECTION('center_axis',(0.,0.,-1.));
#1576=DIRECTION('ref_axis',(-0.222520933956315,-0.974927912181824,0.));
#1577=DIRECTION('center_axis',(0.,0.,-1.));
#1578=DIRECTION('ref_axis',(0.0373911942763254,-0.999300704788398,0.));
#1579=DIRECTION('',(-0.999300704788398,-0.0373911942763254,0.));
#1580=DIRECTION('center_axis',(0.,0.,1.));
#1581=DIRECTION('ref_axis',(-0.222520933956315,-0.974927912181824,0.));
#1582=DIRECTION('',(0.999300704788398,0.0373911942763254,0.));
#1583=DIRECTION('',(-0.999300704788398,-0.0373911942763254,0.));
#1584=DIRECTION('center_axis',(0.,0.,-1.));
#1585=DIRECTION('ref_axis',(-0.222520933956315,-0.974927912181824,0.));
#1586=DIRECTION('center_axis',(0.,0.,-1.));
#1587=DIRECTION('ref_axis',(-0.222520933956315,-0.974927912181824,0.));
#1588=DIRECTION('center_axis',(0.,0.,1.));
#1589=DIRECTION('ref_axis',(-0.0373911942763254,0.999300704788398,0.));
#1590=DIRECTION('',(-0.999300704788398,-0.0373911942763254,0.));
#1591=DIRECTION('center_axis',(0.,0.,1.));
#1592=DIRECTION('ref_axis',(0.623489801858733,-0.78183148246803,0.));
#1593=DIRECTION('center_axis',(0.,0.,1.));
#1594=DIRECTION('ref_axis',(0.623489801858733,-0.78183148246803,0.));
#1595=DIRECTION('center_axis',(0.,0.,-1.));
#1596=DIRECTION('ref_axis',(0.623489801858733,-0.78183148246803,0.));
#1597=DIRECTION('center_axis',(0.,0.,-1.));
#1598=DIRECTION('ref_axis',(0.804597779766668,-0.593820185573502,0.));
#1599=DIRECTION('',(-0.593820185573502,-0.804597779766668,0.));
#1600=DIRECTION('center_axis',(0.,0.,1.));
#1601=DIRECTION('ref_axis',(0.623489801858733,-0.78183148246803,0.));
#1602=DIRECTION('',(0.593820185573502,0.804597779766668,0.));
#1603=DIRECTION('',(-0.593820185573502,-0.804597779766668,0.));
#1604=DIRECTION('center_axis',(0.,0.,-1.));
#1605=DIRECTION('ref_axis',(0.623489801858733,-0.78183148246803,0.));
#1606=DIRECTION('center_axis',(0.,0.,-1.));
#1607=DIRECTION('ref_axis',(0.623489801858733,-0.78183148246803,0.));
#1608=DIRECTION('center_axis',(0.,0.,1.));
#1609=DIRECTION('ref_axis',(-0.804597779766668,0.593820185573502,0.));
#1610=DIRECTION('',(-0.593820185573502,-0.804597779766668,0.));
#1611=CARTESIAN_POINT('',(0.,0.,0.));
#1612=CARTESIAN_POINT('Origin',(0.,0.,7.));
#1613=CARTESIAN_POINT('',(1.1,8.68058177773817,7.));
#1614=CARTESIAN_POINT('',(1.1,13.9567188120991,7.));
#1615=CARTESIAN_POINT('',(1.1,4.34029088886909,7.));
#1616=CARTESIAN_POINT('',(8.06760433914954,-3.38766294470621,7.));
#1617=CARTESIAN_POINT('Origin',(0.,0.,7.));
#1618=CARTESIAN_POINT('',(12.636873044754,-6.02573146188665,7.));
#1619=CARTESIAN_POINT('',(6.59343652237698,-2.53655175886189,7.));
#1620=CARTESIAN_POINT('',(11.536873044754,-7.93098735021242,7.));
#1621=CARTESIAN_POINT('Origin',(-1.11022302462516E-15,0.,7.));
#1622=CARTESIAN_POINT('',(6.96760433914954,-5.29291883303197,7.));
#1623=CARTESIAN_POINT('',(3.20880216957477,-3.12277338859743,7.));
#1624=CARTESIAN_POINT('',(-6.96760433914954,-5.29291883303197,7.));
#1625=CARTESIAN_POINT('Origin',(0.,0.,7.));
#1626=CARTESIAN_POINT('',(-11.536873044754,-7.93098735021241,7.));
#1627=CARTESIAN_POINT('',(-5.49343652237699,-4.44180764718765,7.));
#1628=CARTESIAN_POINT('',(-12.636873044754,-6.02573146188665,7.));
#1629=CARTESIAN_POINT('Origin',(-1.11022302462516E-15,0.,7.));
#1630=CARTESIAN_POINT('',(-8.06760433914954,-3.3876629447062,7.));
#1631=CARTESIAN_POINT('',(-4.30880216957477,-1.21751750027166,7.));
#1632=CARTESIAN_POINT('',(-1.1,8.68058177773817,7.));
#1633=CARTESIAN_POINT('Origin',(0.,0.,7.));
#1634=CARTESIAN_POINT('',(-1.1,13.9567188120991,7.));
#1635=CARTESIAN_POINT('',(-1.1,6.97835940604953,7.));
#1636=CARTESIAN_POINT('Origin',(-1.11022302462516E-15,0.,7.));
#1637=CARTESIAN_POINT('Origin',(1.1,8.68058177773817,0.));
#1638=CARTESIAN_POINT('',(1.1,13.9567188120991,7.75));
#1639=CARTESIAN_POINT('',(1.1,13.9567188120991,0.));
#1640=CARTESIAN_POINT('',(1.1,8.68058177773817,7.75));
#1641=CARTESIAN_POINT('',(1.1,13.9567188120991,7.75));
#1642=CARTESIAN_POINT('',(1.1,8.68058177773817,0.));
#1643=CARTESIAN_POINT('Origin',(0.,0.,0.));
#1644=CARTESIAN_POINT('',(12.636873044754,-6.02573146188666,7.75));
#1645=CARTESIAN_POINT('',(12.636873044754,-6.02573146188666,0.));
#1646=CARTESIAN_POINT('Origin',(0.,0.,7.75));
#1647=CARTESIAN_POINT('',(-1.1,13.9567188120991,7.75));
#1648=CARTESIAN_POINT('',(-1.1,13.9567188120991,0.));
#1649=CARTESIAN_POINT('',(-14.,-1.71450551880629E-15,7.75));
#1650=CARTESIAN_POINT('Origin',(0.,0.,7.75));
#1651=CARTESIAN_POINT('',(-14.,-1.71450551880629E-15,0.));
#1652=CARTESIAN_POINT('',(-14.,-1.71450551880629E-15,0.));
#1653=CARTESIAN_POINT('Origin',(-1.11022302462516E-15,0.,0.));
#1654=CARTESIAN_POINT('',(-12.636873044754,-6.02573146188665,7.75));
#1655=CARTESIAN_POINT('Origin',(0.,0.,7.75));
#1656=CARTESIAN_POINT('',(-12.636873044754,-6.02573146188665,0.));
#1657=CARTESIAN_POINT('',(-11.536873044754,-7.93098735021242,7.75));
#1658=CARTESIAN_POINT('',(-11.536873044754,-7.93098735021242,0.));
#1659=CARTESIAN_POINT('',(11.536873044754,-7.93098735021242,7.75));
#1660=CARTESIAN_POINT('Origin',(0.,0.,7.75));
#1661=CARTESIAN_POINT('',(11.536873044754,-7.93098735021242,0.));
#1662=CARTESIAN_POINT('Origin',(6.96760433914954,-5.29291883303197,0.));
#1663=CARTESIAN_POINT('',(6.96760433914954,-5.29291883303197,7.75));
#1664=CARTESIAN_POINT('',(11.536873044754,-7.93098735021242,7.75));
#1665=CARTESIAN_POINT('',(6.96760433914954,-5.29291883303197,0.));
#1666=CARTESIAN_POINT('Origin',(-1.1,13.9567188120991,0.));
#1667=CARTESIAN_POINT('',(-1.1,8.68058177773817,7.75));
#1668=CARTESIAN_POINT('',(-1.1,8.68058177773817,0.));
#1669=CARTESIAN_POINT('',(-1.1,8.68058177773817,7.75));
#1670=CARTESIAN_POINT('Origin',(0.,0.,0.));
#1671=CARTESIAN_POINT('',(-8.06760433914954,-3.3876629447062,7.75));
#1672=CARTESIAN_POINT('',(-8.06760433914954,-3.3876629447062,0.));
#1673=CARTESIAN_POINT('Origin',(0.,0.,7.75));
#1674=CARTESIAN_POINT('Origin',(-8.06760433914954,-3.3876629447062,0.));
#1675=CARTESIAN_POINT('',(-12.636873044754,-6.02573146188665,7.75));
#1676=CARTESIAN_POINT('Origin',(11.9,11.9,0.));
#1677=CARTESIAN_POINT('',(10.2,11.9,7.75));
#1678=CARTESIAN_POINT('Origin',(11.9,11.9,7.75));
#1679=CARTESIAN_POINT('',(10.2,11.9,0.));
#1680=CARTESIAN_POINT('',(10.2,11.9,0.));
#1681=CARTESIAN_POINT('Origin',(11.9,11.9,0.));
#1682=CARTESIAN_POINT('Origin',(11.9,-11.9,0.));
#1683=CARTESIAN_POINT('',(10.2,-11.9,7.75));
#1684=CARTESIAN_POINT('Origin',(11.9,-11.9,7.75));
#1685=CARTESIAN_POINT('',(10.2,-11.9,0.));
#1686=CARTESIAN_POINT('',(10.2,-11.9,0.));
#1687=CARTESIAN_POINT('Origin',(11.9,-11.9,0.));
#1688=CARTESIAN_POINT('Origin',(-11.9,-11.9,0.));
#1689=CARTESIAN_POINT('',(-13.6,-11.9,7.75));
#1690=CARTESIAN_POINT('Origin',(-11.9,-11.9,7.75));
#1691=CARTESIAN_POINT('',(-13.6,-11.9,0.));
#1692=CARTESIAN_POINT('',(-13.6,-11.9,0.));
#1693=CARTESIAN_POINT('Origin',(-11.9,-11.9,0.));
#1694=CARTESIAN_POINT('Origin',(0.,0.,0.));
#1695=CARTESIAN_POINT('',(8.06760433914954,-3.38766294470621,7.75));
#1696=CARTESIAN_POINT('Origin',(0.,0.,7.75));
#1697=CARTESIAN_POINT('',(8.06760433914954,-3.38766294470621,0.));
#1698=CARTESIAN_POINT('Origin',(12.636873044754,-6.02573146188666,0.));
#1699=CARTESIAN_POINT('',(8.06760433914954,-3.38766294470621,7.75));
#1700=CARTESIAN_POINT('Origin',(0.,0.,0.));
#1701=CARTESIAN_POINT('',(-6.96760433914954,-5.29291883303197,7.75));
#1702=CARTESIAN_POINT('Origin',(0.,0.,7.75));
#1703=CARTESIAN_POINT('',(-6.96760433914954,-5.29291883303197,0.));
#1704=CARTESIAN_POINT('Origin',(-11.536873044754,-7.93098735021242,0.));
#1705=CARTESIAN_POINT('',(-6.96760433914954,-5.29291883303197,7.75));
#1706=CARTESIAN_POINT('Origin',(-11.9,11.9,0.));
#1707=CARTESIAN_POINT('',(-13.6,11.9,7.75));
#1708=CARTESIAN_POINT('Origin',(-11.9,11.9,7.75));
#1709=CARTESIAN_POINT('',(-13.6,11.9,0.));
#1710=CARTESIAN_POINT('',(-13.6,11.9,0.));
#1711=CARTESIAN_POINT('Origin',(-11.9,11.9,0.));
#1712=CARTESIAN_POINT('Origin',(11.9,15.,0.));
#1713=CARTESIAN_POINT('',(-11.9,15.,0.));
#1714=CARTESIAN_POINT('',(11.9,15.,0.));
#1715=CARTESIAN_POINT('',(-11.9,15.,0.));
#1716=CARTESIAN_POINT('',(-11.9,15.,7.75));
#1717=CARTESIAN_POINT('',(-11.9,15.,0.));
#1718=CARTESIAN_POINT('',(11.9,15.,7.75));
#1719=CARTESIAN_POINT('',(-11.9,15.,7.75));
#1720=CARTESIAN_POINT('',(11.9,15.,0.));
#1721=CARTESIAN_POINT('Origin',(11.9,11.9,0.));
#1722=CARTESIAN_POINT('',(15.,11.9,0.));
#1723=CARTESIAN_POINT('Origin',(11.9,11.9,0.));
#1724=CARTESIAN_POINT('',(15.,11.9,7.75));
#1725=CARTESIAN_POINT('Origin',(11.9,11.9,7.75));
#1726=CARTESIAN_POINT('',(15.,11.9,0.));
#1727=CARTESIAN_POINT('Origin',(15.,-11.9,0.));
#1728=CARTESIAN_POINT('',(15.,-11.9,0.));
#1729=CARTESIAN_POINT('',(15.,11.9,0.));
#1730=CARTESIAN_POINT('',(15.,-11.9,7.75));
#1731=CARTESIAN_POINT('',(15.,11.9,7.75));
#1732=CARTESIAN_POINT('',(15.,-11.9,0.));
#1733=CARTESIAN_POINT('Origin',(11.9,-11.9,0.));
#1734=CARTESIAN_POINT('',(11.9,-15.,0.));
#1735=CARTESIAN_POINT('Origin',(11.9,-11.9,0.));
#1736=CARTESIAN_POINT('',(11.9,-15.,7.75));
#1737=CARTESIAN_POINT('Origin',(11.9,-11.9,7.75));
#1738=CARTESIAN_POINT('',(11.9,-15.,0.));
#1739=CARTESIAN_POINT('Origin',(-11.9,-15.,0.));
#1740=CARTESIAN_POINT('',(-11.9,-15.,0.));
#1741=CARTESIAN_POINT('',(11.9,-15.,0.));
#1742=CARTESIAN_POINT('',(-11.9,-15.,7.75));
#1743=CARTESIAN_POINT('',(11.9,-15.,7.75));
#1744=CARTESIAN_POINT('',(-11.9,-15.,0.));
#1745=CARTESIAN_POINT('Origin',(-11.9,-11.9,0.));
#1746=CARTESIAN_POINT('',(-15.,-11.9,0.));
#1747=CARTESIAN_POINT('Origin',(-11.9,-11.9,0.));
#1748=CARTESIAN_POINT('',(-15.,-11.9,7.75));
#1749=CARTESIAN_POINT('Origin',(-11.9,-11.9,7.75));
#1750=CARTESIAN_POINT('',(-15.,-11.9,0.));
#1751=CARTESIAN_POINT('Origin',(-15.,11.9,0.));
#1752=CARTESIAN_POINT('',(-15.,11.9,0.));
#1753=CARTESIAN_POINT('',(-15.,-11.9,0.));
#1754=CARTESIAN_POINT('',(-15.,11.9,7.75));
#1755=CARTESIAN_POINT('',(-15.,-11.9,7.75));
#1756=CARTESIAN_POINT('',(-15.,11.9,0.));
#1757=CARTESIAN_POINT('Origin',(-11.9,11.9,0.));
#1758=CARTESIAN_POINT('Origin',(-11.9,11.9,0.));
#1759=CARTESIAN_POINT('Origin',(-11.9,11.9,7.75));
#1760=CARTESIAN_POINT('Origin',(-2.22044604925031E-15,0.,7.75));
#1761=CARTESIAN_POINT('Origin',(-2.22044604925031E-15,0.,0.));
#1762=CARTESIAN_POINT('Origin',(0.,0.,7.));
#1763=CARTESIAN_POINT('',(-8.75,1.07156594925393E-15,0.));
#1764=CARTESIAN_POINT('Origin',(0.,0.,0.));
#1765=CARTESIAN_POINT('',(-8.75,1.07156594925393E-15,7.));
#1766=CARTESIAN_POINT('',(-8.75,1.07156594925393E-15,7.));
#1767=CARTESIAN_POINT('Origin',(0.,0.,7.));
#1768=CARTESIAN_POINT('Origin',(0.,0.,0.));
#1769=CARTESIAN_POINT('Origin',(0.,0.,7.));
#1770=CARTESIAN_POINT('Origin',(0.,0.,0.));
#1771=CARTESIAN_POINT('',(5.94157034068139,-12.6766613067769,6.97476662695408));
#1772=CARTESIAN_POINT('',(6.48991235693419,-12.4048795882634,6.97476662695408));
#1773=CARTESIAN_POINT('Origin',(0.,0.,6.97476662695408));
#1774=CARTESIAN_POINT('',(-0.644165384957914,-13.9851725394012,-0.0252332165837288));
#1775=CARTESIAN_POINT('Ctrl Pts',(-0.644165384957914,-13.9851725394012,
-0.0252332165837285));
#1776=CARTESIAN_POINT('Ctrl Pts',(0.0889667209776406,-14.0189410412852,
0.343441135336939));
#1777=CARTESIAN_POINT('Ctrl Pts',(0.796078601372406,-13.9931637223623,0.766568957030073));
#1778=CARTESIAN_POINT('Ctrl Pts',(2.12354304929638,-13.8542029330161,1.73340576979116));
#1779=CARTESIAN_POINT('Ctrl Pts',(2.72820530647034,-13.7435454866634,2.26677855904821));
#1780=CARTESIAN_POINT('Ctrl Pts',(4.44371601608556,-13.3294452914614,4.1302723918814));
#1781=CARTESIAN_POINT('Ctrl Pts',(5.29442311023232,-12.9799801931492,5.59255245245323));
#1782=CARTESIAN_POINT('Ctrl Pts',(5.94157034068139,-12.6766613067769,6.97476662695408));
#1783=CARTESIAN_POINT('',(-0.0190301362184647,-13.9999870662053,-0.0252332165837288));
#1784=CARTESIAN_POINT('Origin',(0.,0.,-0.0252332165837288));
#1785=CARTESIAN_POINT('Ctrl Pts',(6.48991235693419,-12.4048795882634,6.97476662695408));
#1786=CARTESIAN_POINT('Ctrl Pts',(5.82615795718946,-12.7521387333621,5.53869828947206));
#1787=CARTESIAN_POINT('Ctrl Pts',(4.95849650203301,-13.150470890054,4.04423289757151));
#1788=CARTESIAN_POINT('Ctrl Pts',(2.54218263694787,-13.8262148791344,1.45019424009229));
#1789=CARTESIAN_POINT('Ctrl Pts',(1.19737247103949,-14.0016405182552,0.593884440677342));
#1790=CARTESIAN_POINT('Ctrl Pts',(-0.0190301362184649,-13.9999870662053,
-0.0252332165837288));
#1791=CARTESIAN_POINT('Origin',(-1.73880379845109,-9.8999263643281,-0.0252332165837288));
#1792=CARTESIAN_POINT('',(-2.11655122886386,-8.49015376159907,-0.0252332165837288));
#1793=CARTESIAN_POINT('',(-1.73880379845109,-9.8999263643281,-0.0252332165837288));
#1794=CARTESIAN_POINT('',(-1.45856293066227,-8.62757753817941,-0.0252332165837288));
#1795=CARTESIAN_POINT('Origin',(0.,0.,-0.0252332165837288));
#1796=CARTESIAN_POINT('',(-1.15924830267765,-9.74463493726659,-0.0252332165837288));
#1797=CARTESIAN_POINT('Ctrl Pts',(3.90467814870376,-5.07487615677607,6.97476662695408));
#1798=CARTESIAN_POINT('Ctrl Pts',(6.13052193658544,-13.3818382628621,6.97476662695408));
#1799=CARTESIAN_POINT('Ctrl Pts',(3.8119415284188,-5.09972485929022,6.78616022720108));
#1800=CARTESIAN_POINT('Ctrl Pts',(6.03778531630048,-13.4066869653762,6.78616022720108));
#1801=CARTESIAN_POINT('Ctrl Pts',(3.62328722152738,-5.15027462847043,6.41316080610921));
#1802=CARTESIAN_POINT('Ctrl Pts',(5.84913100940906,-13.4572367345564,6.41316080610921));
#1803=CARTESIAN_POINT('Ctrl Pts',(3.33076296483332,-5.22865626681811,5.86630127645298));
#1804=CARTESIAN_POINT('Ctrl Pts',(5.556606752715,-13.5356183729041,5.86630127645298));
#1805=CARTESIAN_POINT('Ctrl Pts',(2.92132755399313,-5.33836415450545,5.16285494325732));
#1806=CARTESIAN_POINT('Ctrl Pts',(5.14717134187481,-13.6453262605914,5.16285494325732));
#1807=CARTESIAN_POINT('Ctrl Pts',(2.3749795157471,-5.4847576701398,4.32931411041352));
#1808=CARTESIAN_POINT('Ctrl Pts',(4.60082330362878,-13.7917197762258,4.32931411041352));
#1809=CARTESIAN_POINT('Ctrl Pts',(1.79091073425474,-5.64125842846491,3.54573506689018));
#1810=CARTESIAN_POINT('Ctrl Pts',(4.01675452213642,-13.9482205345509,3.54573506689018));
#1811=CARTESIAN_POINT('Ctrl Pts',(1.16591747447553,-5.80872486769764,2.81636121622129));
#1812=CARTESIAN_POINT('Ctrl Pts',(3.39176126235721,-14.1156869737836,2.81636121622129));
#1813=CARTESIAN_POINT('Ctrl Pts',(0.498027305811893,-5.98768549902375,2.1438050775025));
#1814=CARTESIAN_POINT('Ctrl Pts',(2.72387109369357,-14.2946476051097,2.1438050775025));
#1815=CARTESIAN_POINT('Ctrl Pts',(-0.211355373469859,-6.17776401506192,
1.526206500477));
#1816=CARTESIAN_POINT('Ctrl Pts',(2.01448841441182,-14.4847261211479,1.526206500477));
#1817=CARTESIAN_POINT('Ctrl Pts',(-0.959219525477191,-6.37815361064047,
0.95957731238331));
#1818=CARTESIAN_POINT('Ctrl Pts',(1.26662426240449,-14.6851157167265,0.95957731238331));
#1819=CARTESIAN_POINT('Ctrl Pts',(-1.58583164702803,-6.54605382257757,0.543785360643424));
#1820=CARTESIAN_POINT('Ctrl Pts',(0.640012140853648,-14.8530159286636,0.543785360643424));
#1821=CARTESIAN_POINT('Ctrl Pts',(-2.0707176544773,-6.67597863669475,0.251712360575634));
#1822=CARTESIAN_POINT('Ctrl Pts',(0.155126133404383,-14.9829407427807,0.251712360575634));
#1823=CARTESIAN_POINT('Ctrl Pts',(-2.40050130816515,-6.7643439003774,0.0656412469682049));
#1824=CARTESIAN_POINT('Ctrl Pts',(-0.174657520283472,-15.0713060064634,
0.0656412469682049));
#1825=CARTESIAN_POINT('Ctrl Pts',(-2.56702474277916,-6.80896372020308,-0.0252332165837288));
#1826=CARTESIAN_POINT('Ctrl Pts',(-0.341180954897478,-15.1159258262891,
-0.0252332165837288));
#1827=CARTESIAN_POINT('',(4.54785853543005,-7.47525803847038,6.97476662695408));
#1828=CARTESIAN_POINT('',(4.73289909303183,-8.16583880090109,6.97476662695408));
#1829=CARTESIAN_POINT('Ctrl Pts',(4.54785853543005,-7.47525803847038,6.97476662695408));
#1830=CARTESIAN_POINT('Ctrl Pts',(4.11543623864672,-7.73833864695447,6.02046227777791));
#1831=CARTESIAN_POINT('Ctrl Pts',(3.59618887816816,-8.003091368868,5.06484558202182));
#1832=CARTESIAN_POINT('Ctrl Pts',(2.39714641119335,-8.43863366919643,3.35134085523187));
#1833=CARTESIAN_POINT('Ctrl Pts',(1.7255161698295,-8.61535316767224,2.59371675961418));
#1834=CARTESIAN_POINT('Ctrl Pts',(-0.0278030226019031,-8.80287763222371,
1.10006893512998));
#1835=CARTESIAN_POINT('Ctrl Pts',(-1.07066755422539,-8.75088712862207,0.471717066663534));
#1836=CARTESIAN_POINT('Ctrl Pts',(-2.11655122886386,-8.49015376159907,-0.0252332165837286));
#1837=CARTESIAN_POINT('Origin',(0.,0.,7.));
#1838=CARTESIAN_POINT('',(5.07579641412606,-7.12732704191024,6.97476662695408));
#1839=CARTESIAN_POINT('Origin',(0.,0.,6.97476662695408));
#1840=CARTESIAN_POINT('Ctrl Pts',(-1.45856293066227,-8.62757753817941,-0.0252332165837288));
#1841=CARTESIAN_POINT('Ctrl Pts',(-0.803435178493672,-8.73833227204678,
0.293221308681972));
#1842=CARTESIAN_POINT('Ctrl Pts',(-0.163972551227967,-8.76951081820454,
0.659132184249422));
#1843=CARTESIAN_POINT('Ctrl Pts',(0.958650815157018,-8.7126701676849,1.43267110073344));
#1844=CARTESIAN_POINT('Ctrl Pts',(1.73416303505841,-8.62087138226051,2.00625759276186));
#1845=CARTESIAN_POINT('Ctrl Pts',(3.78997905860881,-7.98923549625687,4.30970097480482));
#1846=CARTESIAN_POINT('Ctrl Pts',(4.58387517861595,-7.47765361294485,5.86320030470419));
#1847=CARTESIAN_POINT('Ctrl Pts',(5.07579641412606,-7.12732704191024,6.97476662695408));
#1848=CARTESIAN_POINT('Origin',(5.31245458880527,-8.01054737383958,6.97476662695408));
#1849=CARTESIAN_POINT('',(5.31245458880527,-8.01054737383958,6.97476662695408));
#1850=CARTESIAN_POINT('Ctrl Pts',(-1.98746924700572,-6.65367229314157,-0.0252332165837288));
#1851=CARTESIAN_POINT('Ctrl Pts',(0.238374540875962,-14.9606343992276,-0.0252332165837288));
#1852=CARTESIAN_POINT('Ctrl Pts',(-1.82094581239151,-6.60905247331583,0.0656412469682049));
#1853=CARTESIAN_POINT('Ctrl Pts',(0.404897975490168,-14.9160145794018,0.0656412469682049));
#1854=CARTESIAN_POINT('Ctrl Pts',(-1.49116215870332,-6.5206872096331,0.251712360575634));
#1855=CARTESIAN_POINT('Ctrl Pts',(0.73468162917836,-14.8276493157191,0.251712360575634));
#1856=CARTESIAN_POINT('Ctrl Pts',(-1.00627615125374,-6.39076239551583,0.543785360643424));
#1857=CARTESIAN_POINT('Ctrl Pts',(1.21956763662793,-14.6977245016018,0.543785360643424));
#1858=CARTESIAN_POINT('Ctrl Pts',(-0.379664029702821,-6.22286218357871,
0.95957731238331));
#1859=CARTESIAN_POINT('Ctrl Pts',(1.84617975817886,-14.5298242896647,0.95957731238331));
#1860=CARTESIAN_POINT('Ctrl Pts',(0.368200122304262,-6.02247258800023,1.526206500477));
#1861=CARTESIAN_POINT('Ctrl Pts',(2.59404391018594,-14.3294346940862,1.526206500477));
#1862=CARTESIAN_POINT('Ctrl Pts',(1.07758280158562,-5.83239407196216,2.1438050775025));
#1863=CARTESIAN_POINT('Ctrl Pts',(3.3034265894673,-14.1393561780481,2.1438050775025));
#1864=CARTESIAN_POINT('Ctrl Pts',(1.74547297024891,-5.65343344063614,2.81636121622129));
#1865=CARTESIAN_POINT('Ctrl Pts',(3.97131675813059,-13.9603955467221,2.81636121622129));
#1866=CARTESIAN_POINT('Ctrl Pts',(2.37046623002794,-5.48596700140346,3.54573506689018));
#1867=CARTESIAN_POINT('Ctrl Pts',(4.59631001790962,-13.7929291074894,3.54573506689018));
#1868=CARTESIAN_POINT('Ctrl Pts',(2.95453501152029,-5.32946624307836,4.32931411041352));
#1869=CARTESIAN_POINT('Ctrl Pts',(5.18037879940196,-13.6364283491643,4.32931411041352));
#1870=CARTESIAN_POINT('Ctrl Pts',(3.50088304976641,-5.18307272744398,5.16285494325732));
#1871=CARTESIAN_POINT('Ctrl Pts',(5.72672683764809,-13.49003483353,5.16285494325732));
#1872=CARTESIAN_POINT('Ctrl Pts',(3.91031846060669,-5.07336483975662,5.86630127645298));
#1873=CARTESIAN_POINT('Ctrl Pts',(6.13616224848837,-13.3803269458426,5.86630127645298));
#1874=CARTESIAN_POINT('Ctrl Pts',(4.20284271730079,-4.99498320140892,6.41316080610921));
#1875=CARTESIAN_POINT('Ctrl Pts',(6.42868650518247,-13.3019453074949,6.41316080610921));
#1876=CARTESIAN_POINT('Ctrl Pts',(4.39149702419223,-4.94443343222871,6.78616022720108));
#1877=CARTESIAN_POINT('Ctrl Pts',(6.61734081207391,-13.2513955383147,6.78616022720108));
#1878=CARTESIAN_POINT('Ctrl Pts',(4.48423364447721,-4.91958472971456,6.97476662695408));
#1879=CARTESIAN_POINT('Ctrl Pts',(6.71007743235888,-13.2265468358005,6.97476662695408));
#1880=CARTESIAN_POINT('Origin',(0.,0.,0.));
#1881=CARTESIAN_POINT('',(13.6155214166637,-3.25846229874961,6.97476662695408));
#1882=CARTESIAN_POINT('',(13.7449195678348,-2.66029811745832,6.97476662695408));
#1883=CARTESIAN_POINT('Origin',(0.,0.,6.97476662695408));
#1884=CARTESIAN_POINT('',(10.5324176308196,-9.22324123342771,-0.0252332165837288));
#1885=CARTESIAN_POINT('Ctrl Pts',(10.5324176308196,-9.22324123342771,-0.0252332165837288));
#1886=CARTESIAN_POINT('Ctrl Pts',(11.0159193001743,-8.67110978874793,0.34344113533694));
#1887=CARTESIAN_POINT('Ctrl Pts',(11.436642826906,-8.10219556356042,0.766568957030073));
#1888=CARTESIAN_POINT('Ctrl Pts',(12.1556594525772,-6.9777014313008,1.73340576979116));
#1889=CARTESIAN_POINT('Ctrl Pts',(12.446144728166,-6.43596365308141,2.26677855904821));
#1890=CARTESIAN_POINT('Ctrl Pts',(13.1919915910854,-4.836536123137,4.1302723918814));
#1891=CARTESIAN_POINT('Ctrl Pts',(13.4491759727706,-3.95353860967096,5.59255245245323));
#1892=CARTESIAN_POINT('Ctrl Pts',(13.6155214166637,-3.25846229874961,6.97476662695408));
#1893=CARTESIAN_POINT('',(10.9337655466443,-8.74372752154442,-0.0252332165837288));
#1894=CARTESIAN_POINT('Origin',(0.,0.,-0.0252332165837288));
#1895=CARTESIAN_POINT('Ctrl Pts',(13.7449195678348,-2.66029811745832,6.97476662695408));
#1896=CARTESIAN_POINT('Ctrl Pts',(13.6025736008682,-3.39575473937665,5.53869828947206));
#1897=CARTESIAN_POINT('Ctrl Pts',(13.3730241526934,-4.32247581859183,4.04423289757151));
#1898=CARTESIAN_POINT('Ctrl Pts',(12.3947950244745,-6.63294555569834,1.45019424009229));
#1899=CARTESIAN_POINT('Ctrl Pts',(11.6934728880914,-7.79373657832491,0.593884440677341));
#1900=CARTESIAN_POINT('Ctrl Pts',(10.9337655466443,-8.74372752154442,-0.0252332165837288));
#1901=CARTESIAN_POINT('Origin',(6.65594766997949,-7.53195467877504,-0.0252332165837288));
#1902=CARTESIAN_POINT('',(5.31822139550434,-6.94831067155175,-0.0252332165837288));
#1903=CARTESIAN_POINT('',(6.65594766997949,-7.53195467877504,-0.0252332165837288));
#1904=CARTESIAN_POINT('',(5.83591262414557,-6.51955702815294,-0.0252332165837288));
#1905=CARTESIAN_POINT('Origin',(0.,0.,-0.0252332165837288));
#1906=CARTESIAN_POINT('',(6.89588288457133,-6.98201732525305,-0.0252332165837288));
#1907=CARTESIAN_POINT('Ctrl Pts',(6.40222495425133,-0.111333223884337,6.97476662695408));
#1908=CARTESIAN_POINT('Ctrl Pts',(14.2846603547331,-3.55040463303411,6.97476662695408));
#1909=CARTESIAN_POINT('Ctrl Pts',(6.36383211516885,-0.1993305458078,6.78616022720108));
#1910=CARTESIAN_POINT('Ctrl Pts',(14.2462675156506,-3.63840195495757,6.78616022720108));
#1911=CARTESIAN_POINT('Ctrl Pts',(6.2857294797219,-0.378343687808872,6.41316080610921));
#1912=CARTESIAN_POINT('Ctrl Pts',(14.1681648802037,-3.81741509695865,6.41316080610921));
#1913=CARTESIAN_POINT('Ctrl Pts',(6.1646248213845,-0.655918513240603,5.86630127645298));
#1914=CARTESIAN_POINT('Ctrl Pts',(14.0470602218663,-4.09498992239038,5.86630127645298));
#1915=CARTESIAN_POINT('Ctrl Pts',(5.99511909867482,-1.04442975662922,5.16285494325732));
#1916=CARTESIAN_POINT('Ctrl Pts',(13.8775544991566,-4.48350116577899,5.16285494325732));
#1917=CARTESIAN_POINT('Ctrl Pts',(5.76893172791501,-1.56285671737087,4.32931411041352));
#1918=CARTESIAN_POINT('Ctrl Pts',(13.6513671283968,-5.00192812652065,4.32931411041352));
#1919=CARTESIAN_POINT('Ctrl Pts',(5.52712801895915,-2.1170767054672,3.54573506689018));
#1920=CARTESIAN_POINT('Ctrl Pts',(13.4095634194409,-5.55614811461698,3.54573506689018));
#1921=CARTESIAN_POINT('Ctrl Pts',(5.26838162970534,-2.71012972930812,2.81636121622129));
#1922=CARTESIAN_POINT('Ctrl Pts',(13.1508170301871,-6.14920113845789,2.81636121622129));
#1923=CARTESIAN_POINT('Ctrl Pts',(4.99187597647496,-3.34388741856626,2.1438050775025));
#1924=CARTESIAN_POINT('Ctrl Pts',(12.8743113769568,-6.78295882771603,2.1438050775025));
#1925=CARTESIAN_POINT('Ctrl Pts',(4.69819247830701,-4.0170171466485,1.526206500477));
#1926=CARTESIAN_POINT('Ctrl Pts',(12.5806278787888,-7.45608855579827,1.526206500477));
#1927=CARTESIAN_POINT('Ctrl Pts',(4.38857770093705,-4.72666175453891,0.95957731238331));
#1928=CARTESIAN_POINT('Ctrl Pts',(12.2710131014189,-8.16573316368868,0.95957731238331));
#1929=CARTESIAN_POINT('Ctrl Pts',(4.12916110503452,-5.32125090833614,0.543785360643424));
#1930=CARTESIAN_POINT('Ctrl Pts',(12.0115965055163,-8.76032231748591,0.543785360643424));
#1931=CARTESIAN_POINT('Ctrl Pts',(3.92841893435653,-5.78135685097866,0.251712360575634));
#1932=CARTESIAN_POINT('Ctrl Pts',(11.8108543348383,-9.22042826012843,0.251712360575634));
#1933=CARTESIAN_POINT('Ctrl Pts',(3.79188893456612,-6.09428693457984,0.0656412469682049));
#1934=CARTESIAN_POINT('Ctrl Pts',(11.6743243350479,-9.53335834372962,0.0656412469682049));
#1935=CARTESIAN_POINT('Ctrl Pts',(3.72294845119556,-6.25230020095187,-0.0252332165837288));
#1936=CARTESIAN_POINT('Ctrl Pts',(11.6053838516774,-9.69137161010164,-0.0252332165837288));
#1937=CARTESIAN_POINT('',(8.67993549118518,-1.10508817243864,6.97476662695408));
#1938=CARTESIAN_POINT('',(9.33522417303525,-1.39098770170751,6.97476662695408));
#1939=CARTESIAN_POINT('Ctrl Pts',(8.67993549118519,-1.10508817243864,6.97476662695408));
#1940=CARTESIAN_POINT('Ctrl Pts',(8.61600930118415,-1.6071976142416,6.02046227777791));
#1941=CARTESIAN_POINT('Ctrl Pts',(8.49925588034481,-2.1782321699796,5.06484558202182));
#1942=CARTESIAN_POINT('Ctrl Pts',(8.09218581253379,-3.3872375020095,3.35134085523187));
#1943=CARTESIAN_POINT('Ctrl Pts',(7.81159607389785,-4.02252197437462,2.59371675961418));
#1944=CARTESIAN_POINT('Ctrl Pts',(6.86503196813299,-5.51024170907977,1.10006893512998));
#1945=CARTESIAN_POINT('Ctrl Pts',(6.17416875544043,-6.29317048306317,0.471717066663533));
#1946=CARTESIAN_POINT('Ctrl Pts',(5.31822139550434,-6.94831067155175,-0.0252332165837282));
#1947=CARTESIAN_POINT('Origin',(0.,0.,7.));
#1948=CARTESIAN_POINT('',(8.73707596772989,-0.475398289980924,6.97476662695408));
#1949=CARTESIAN_POINT('Origin',(0.,0.,6.97476662695408));
#1950=CARTESIAN_POINT('Ctrl Pts',(5.83591262414557,-6.51955702815294,-0.0252332165837288));
#1951=CARTESIAN_POINT('Ctrl Pts',(6.33096963430721,-6.0764119735429,0.293221308681972));
#1952=CARTESIAN_POINT('Ctrl Pts',(6.75404443004089,-5.595899465251,0.659132184249422));
#1953=CARTESIAN_POINT('Ctrl Pts',(7.40954884025003,-4.68275760852696,1.43267110073344));
#1954=CARTESIAN_POINT('Ctrl Pts',(7.82130162007825,-4.01920213343426,2.00625759276186));
#1955=CARTESIAN_POINT('Ctrl Pts',(8.60924912412547,-2.01808191064904,4.30970097480482));
#1956=CARTESIAN_POINT('Ctrl Pts',(8.70426443645152,-1.07842284315752,5.86320030470419));
#1957=CARTESIAN_POINT('Ctrl Pts',(8.73707596772989,-0.475398289980924,6.97476662695408));
#1958=CARTESIAN_POINT('Origin',(9.5751593876271,-0.841050348185522,6.97476662695408));
#1959=CARTESIAN_POINT('',(9.5751593876271,-0.841050348185522,6.97476662695408));
#1960=CARTESIAN_POINT('Ctrl Pts',(3.96288366578741,-5.70236284742988,-0.0252332165837288));
#1961=CARTESIAN_POINT('Ctrl Pts',(11.8453190662692,-9.14143425657965,-0.0252332165837288));
#1962=CARTESIAN_POINT('Ctrl Pts',(4.03182414915804,-5.54434958105767,0.0656412469682049));
#1963=CARTESIAN_POINT('Ctrl Pts',(11.9142595496398,-8.98342099020744,0.0656412469682049));
#1964=CARTESIAN_POINT('Ctrl Pts',(4.16835414894859,-5.23141949745616,0.251712360575634));
#1965=CARTESIAN_POINT('Ctrl Pts',(12.0507895494304,-8.67049090660594,0.251712360575634));
#1966=CARTESIAN_POINT('Ctrl Pts',(4.36909631962672,-4.77131355481335,0.543785360643424));
#1967=CARTESIAN_POINT('Ctrl Pts',(12.2515317201085,-8.21038496396313,0.543785360643424));
#1968=CARTESIAN_POINT('Ctrl Pts',(4.62851291552928,-4.17672440101604,0.95957731238331));
#1969=CARTESIAN_POINT('Ctrl Pts',(12.5109483160111,-7.61579581016581,0.95957731238331));
#1970=CARTESIAN_POINT('Ctrl Pts',(4.93812769289914,-3.46707979312586,1.526206500477));
#1971=CARTESIAN_POINT('Ctrl Pts',(12.8205630933809,-6.90615120227564,1.526206500477));
#1972=CARTESIAN_POINT('Ctrl Pts',(5.23181119106692,-2.793950065044,2.1438050775025));
#1973=CARTESIAN_POINT('Ctrl Pts',(13.1142465915487,-6.23302147419377,2.1438050775025));
#1974=CARTESIAN_POINT('Ctrl Pts',(5.50831684429716,-2.16019237578619,2.81636121622129));
#1975=CARTESIAN_POINT('Ctrl Pts',(13.390752244779,-5.59926378493596,2.81636121622129));
#1976=CARTESIAN_POINT('Ctrl Pts',(5.7670632335509,-1.56713935194545,3.54573506689018));
#1977=CARTESIAN_POINT('Ctrl Pts',(13.6494986340327,-5.00621076109522,3.54573506689018));
#1978=CARTESIAN_POINT('Ctrl Pts',(6.00886694250675,-1.01291936384913,4.32931411041352));
#1979=CARTESIAN_POINT('Ctrl Pts',(13.8913023429885,-4.45199077299891,4.32931411041352));
#1980=CARTESIAN_POINT('Ctrl Pts',(6.2350543132666,-0.494492403107386,5.16285494325732));
#1981=CARTESIAN_POINT('Ctrl Pts',(14.1174897137484,-3.93356381225716,5.16285494325732));
#1982=CARTESIAN_POINT('Ctrl Pts',(6.40456003597631,-0.105981159718688,5.86630127645298));
#1983=CARTESIAN_POINT('Ctrl Pts',(14.2869954364581,-3.54505256886846,5.86630127645298));
#1984=CARTESIAN_POINT('Ctrl Pts',(6.52566469431373,0.171593665713086,6.41316080610921));
#1985=CARTESIAN_POINT('Ctrl Pts',(14.4081000947955,-3.26747774343669,6.41316080610921));
#1986=CARTESIAN_POINT('Ctrl Pts',(6.60376732976069,0.350606807714179,6.78616022720108));
#1987=CARTESIAN_POINT('Ctrl Pts',(14.4862027302425,-3.08846460143559,6.78616022720108));
#1988=CARTESIAN_POINT('Ctrl Pts',(6.64216016884317,0.438604129637649,6.97476662695408));
#1989=CARTESIAN_POINT('Ctrl Pts',(14.524595569325,-3.00046727951212,6.97476662695408));
#1990=CARTESIAN_POINT('Origin',(0.,0.,0.));
#1991=CARTESIAN_POINT('',(11.0367071598766,8.61342528075383,6.97476662695408));
#1992=CARTESIAN_POINT('',(10.6497219988929,9.08754209598485,6.97476662695408));
#1993=CARTESIAN_POINT('Origin',(0.,0.,6.97476662695408));
#1994=CARTESIAN_POINT('',(13.7778753484242,2.48397884115094,-0.0252332165837288));
#1995=CARTESIAN_POINT('Ctrl Pts',(13.7778753484242,2.48397884115094,-0.025233216583729));
#1996=CARTESIAN_POINT('Ctrl Pts',(13.6476599625373,3.20624399312169,0.343441135336942));
#1997=CARTESIAN_POINT('Ctrl Pts',(13.4651817387811,3.8898911092723,0.766568957030073));
#1998=CARTESIAN_POINT('Ctrl Pts',(13.0343163578028,5.15315156735378,1.73340576979116));
#1999=CARTESIAN_POINT('Ctrl Pts',(12.7918833144683,5.71803008100393,2.26677855904821));
#2000=CARTESIAN_POINT('Ctrl Pts',(12.0064284304103,7.29838339326681,4.1302723918814));
#2001=CARTESIAN_POINT('Ctrl Pts',(11.4764250146196,8.04999818438001,5.59255245245323));
#2002=CARTESIAN_POINT('Ctrl Pts',(11.0367071598766,8.61342528075383,6.97476662695408));
#2003=CARTESIAN_POINT('',(13.6532127647127,3.09673718637632,-0.0252332165837288));
#2004=CARTESIAN_POINT('Origin',(0.,0.,-0.0252332165837288));
#2005=CARTESIAN_POINT('Ctrl Pts',(10.6497219988929,9.08754209598485,6.97476662695408));
#2006=CARTESIAN_POINT('Ctrl Pts',(11.1359738811588,8.51770183413246,5.53869828947206));
#2007=CARTESIAN_POINT('Ctrl Pts',(11.7173918563967,7.76043170670806,4.04423289757151));
#2008=CARTESIAN_POINT('Ctrl Pts',(12.9138739508306,5.55506705861015,1.45019424009229));
#2009=CARTESIAN_POINT('Ctrl Pts',(13.3841497170336,4.28300996833723,0.593884440677345));
#2010=CARTESIAN_POINT('Ctrl Pts',(13.6532127647127,3.09673718637632,-0.0252332165837288));
#2011=CARTESIAN_POINT('Origin',(10.0386347863263,0.507732503771282,-0.0252332165837288));
#2012=CARTESIAN_POINT('',(8.74826483711161,-0.174247926118371,-0.0252332165837288));
#2013=CARTESIAN_POINT('',(10.0386347863263,0.507732503771282,-0.0252332165837288));
#2014=CARTESIAN_POINT('',(8.73582694204908,0.497822898799832,-0.0252332165837288));
#2015=CARTESIAN_POINT('Origin',(0.,0.,-0.0252332165837288));
#2016=CARTESIAN_POINT('',(9.75827360936247,1.03820173987405,-0.0252332165837288));
#2017=CARTESIAN_POINT('Ctrl Pts',(4.07876578765864,4.93604589737619,6.97476662695408));
#2018=CARTESIAN_POINT('Ctrl Pts',(11.6821581717983,8.95455610052452,6.97476662695408));
#2019=CARTESIAN_POINT('Ctrl Pts',(4.12362732067895,4.85116373427002,6.78616022720108));
#2020=CARTESIAN_POINT('Ctrl Pts',(11.7270197048186,8.86967393741836,6.78616022720108));
#2021=CARTESIAN_POINT('Ctrl Pts',(4.21488923417144,4.67848776657752,6.41316080610921));
#2022=CARTESIAN_POINT('Ctrl Pts',(11.8182816183111,8.69699796972585,6.41316080610921));
#2023=CARTESIAN_POINT('Ctrl Pts',(4.35639845200358,4.4107392591064,5.86630127645298));
#2024=CARTESIAN_POINT('Ctrl Pts',(11.9597908361432,8.42924946225473,5.86630127645298));
#2025=CARTESIAN_POINT('Ctrl Pts',(4.55446368391142,4.03598155047322,5.16285494325732));
#2026=CARTESIAN_POINT('Ctrl Pts',(12.1578560680511,8.05449175362155,5.16285494325732));
#2027=CARTESIAN_POINT('Ctrl Pts',(4.81876068420148,3.53590722004549,4.32931411041352));
#2028=CARTESIAN_POINT('Ctrl Pts',(12.4221530683411,7.55441742319382,4.32931411041352));
#2029=CARTESIAN_POINT('Ctrl Pts',(5.10130517252265,3.00130695724193,3.54573506689018));
#2030=CARTESIAN_POINT('Ctrl Pts',(12.7046975566623,7.01981716039026,3.54573506689018));
#2031=CARTESIAN_POINT('Ctrl Pts',(5.40364696236682,2.42924837182208,2.81636121622129));
#2032=CARTESIAN_POINT('Ctrl Pts',(13.0070393465065,6.44775857497041,2.81636121622129));
#2033=CARTESIAN_POINT('Ctrl Pts',(5.7267402211396,1.81792609094417,2.1438050775025));
#2034=CARTESIAN_POINT('Ctrl Pts',(13.3301326052792,5.83643629409251,2.1438050775025));
#2035=CARTESIAN_POINT('Ctrl Pts',(6.06990556825752,1.16862556540791,1.526206500477));
#2036=CARTESIAN_POINT('Ctrl Pts',(13.6732979523972,5.18713576855624,1.526206500477));
#2037=CARTESIAN_POINT('Ctrl Pts',(6.43168640787499,0.484102809059039,0.95957731238331));
#2038=CARTESIAN_POINT('Ctrl Pts',(14.0350787920146,4.50261301220737,0.95957731238331));
#2039=CARTESIAN_POINT('Ctrl Pts',(6.73481132546956,-0.089437526380638,0.543785360643424));
#2040=CARTESIAN_POINT('Ctrl Pts',(14.3382037096092,3.9290726767677,0.543785360643424));
#2041=CARTESIAN_POINT('Ctrl Pts',(6.96937594047739,-0.533255438287874,0.251712360575634));
#2042=CARTESIAN_POINT('Ctrl Pts',(14.572768324617,3.48525476486046,0.251712360575634));
#2043=CARTESIAN_POINT('Ctrl Pts',(7.12890946913106,-0.83510760624551,0.0656412469682049));
#2044=CARTESIAN_POINT('Ctrl Pts',(14.7323018532707,3.18340259690282,0.0656412469682049));
#2045=CARTESIAN_POINT('Ctrl Pts',(7.20946552711156,-0.987527106702517,-0.0252332165837288));
#2046=CARTESIAN_POINT('Ctrl Pts',(14.8128579112512,3.03098309644582,-0.0252332165837288));
#2047=CARTESIAN_POINT('',(6.27584398366123,6.09723562712998,6.97476662695408));
#2048=CARTESIAN_POINT('',(6.90793504687339,6.43130550784999,6.97476662695408));
#2049=CARTESIAN_POINT('Ctrl Pts',(6.27584398366123,6.09723562712998,6.97476662695408));
#2050=CARTESIAN_POINT('Ctrl Pts',(6.62855162536991,5.73419600285181,6.02046227777791));
#2051=CARTESIAN_POINT('Ctrl Pts',(7.00220985139756,5.2868802807422,5.06484558202182));
#2052=CARTESIAN_POINT('Ctrl Pts',(7.69364424652814,4.21481759124368,3.35134085523187));
#2053=CARTESIAN_POINT('Ctrl Pts',(8.01538480680057,3.59935031012176,2.59371675961418));
#2054=CARTESIAN_POINT('Ctrl Pts',(8.58835786573212,1.93171860944795,1.10006893512998));
#2055=CARTESIAN_POINT('Ctrl Pts',(8.76973006216926,0.90343189352549,0.471717066663535));
#2056=CARTESIAN_POINT('Ctrl Pts',(8.74826483711161,-0.17424792611837,-0.0252332165837288));
#2057=CARTESIAN_POINT('Origin',(0.,0.,7.));
#2058=CARTESIAN_POINT('',(5.81915911376317,6.53451507066187,6.97476662695408));
#2059=CARTESIAN_POINT('Origin',(0.,0.,6.97476662695408));
#2060=CARTESIAN_POINT('Ctrl Pts',(8.73582694204908,0.497822898799832,-0.0252332165837293));
#2061=CARTESIAN_POINT('Ctrl Pts',(8.69802518422939,1.16117047725419,0.293221308681974));
#2062=CARTESIAN_POINT('Ctrl Pts',(8.58612819809052,1.79153832058307,0.659132184249422));
#2063=CARTESIAN_POINT('Ctrl Pts',(8.28090546138318,2.873366940699,1.43267110073344));
#2064=CARTESIAN_POINT('Ctrl Pts',(8.01884055970156,3.60900829865026,2.00625759276186));
#2065=CARTESIAN_POINT('Ctrl Pts',(6.94557900249812,5.47272851504634,4.30970097480482));
#2066=CARTESIAN_POINT('Ctrl Pts',(6.27016503900241,6.13288232334443,5.86320030470419));
#2067=CARTESIAN_POINT('Ctrl Pts',(5.81915911376316,6.53451507066187,6.97476662695408));
#2068=CARTESIAN_POINT('Origin',(6.62757386990955,6.96177474395276,6.97476662695408));
#2069=CARTESIAN_POINT('',(6.62757386990955,6.96177474395276,6.97476662695408));
#2070=CARTESIAN_POINT('Ctrl Pts',(6.92910435014772,-0.457057870599751,-0.0252332165837288));
#2071=CARTESIAN_POINT('Ctrl Pts',(14.5324967342874,3.56145233254858,-0.0252332165837288));
#2072=CARTESIAN_POINT('Ctrl Pts',(6.84854829216712,-0.304638370142562,0.0656412469682049));
#2073=CARTESIAN_POINT('Ctrl Pts',(14.4519406763068,3.71387183300577,0.0656412469682049));
#2074=CARTESIAN_POINT('Ctrl Pts',(6.68901476351329,-0.00278620218461784,
0.251712360575634));
#2075=CARTESIAN_POINT('Ctrl Pts',(14.2924071476529,4.01572400096372,0.251712360575634));
#2076=CARTESIAN_POINT('Ctrl Pts',(6.45445014850531,0.441031709722902,0.543785360643424));
#2077=CARTESIAN_POINT('Ctrl Pts',(14.057842532645,4.45954191287124,0.543785360643424));
#2078=CARTESIAN_POINT('Ctrl Pts',(6.1513252309107,1.01457204516265,0.95957731238331));
#2079=CARTESIAN_POINT('Ctrl Pts',(13.7547176150504,5.03308224831099,0.95957731238331));
#2080=CARTESIAN_POINT('Ctrl Pts',(5.78954439129335,1.6990948015113,1.526206500477));
#2081=CARTESIAN_POINT('Ctrl Pts',(13.392936775433,5.71760500465963,1.526206500477));
#2082=CARTESIAN_POINT('Ctrl Pts',(5.44637904417562,2.3483953270472,2.1438050775025));
#2083=CARTESIAN_POINT('Ctrl Pts',(13.0497714283153,6.36690553019554,2.1438050775025));
#2084=CARTESIAN_POINT('Ctrl Pts',(5.12328578540301,2.95971760792479,2.81636121622129));
#2085=CARTESIAN_POINT('Ctrl Pts',(12.7266781695427,6.97822781107312,2.81636121622129));
#2086=CARTESIAN_POINT('Ctrl Pts',(4.82094399555893,3.53177619334448,3.54573506689018));
#2087=CARTESIAN_POINT('Ctrl Pts',(12.4243363796986,7.55028639649281,3.54573506689018));
#2088=CARTESIAN_POINT('Ctrl Pts',(4.53839950723776,4.06637645614802,4.32931411041352));
#2089=CARTESIAN_POINT('Ctrl Pts',(12.1417918913774,8.08488665929635,4.32931411041352));
#2090=CARTESIAN_POINT('Ctrl Pts',(4.27410250694766,4.56645078657583,5.16285494325732));
#2091=CARTESIAN_POINT('Ctrl Pts',(11.8774948910873,8.58496098972417,5.16285494325732));
#2092=CARTESIAN_POINT('Ctrl Pts',(4.07603727503977,4.94120849520909,5.86630127645298));
#2093=CARTESIAN_POINT('Ctrl Pts',(11.6794296591794,8.95971869835743,5.86630127645298));
#2094=CARTESIAN_POINT('Ctrl Pts',(3.93452805720762,5.20895700268025,6.41316080610921));
#2095=CARTESIAN_POINT('Ctrl Pts',(11.5379204413473,9.22746720582859,6.41316080610921));
#2096=CARTESIAN_POINT('Ctrl Pts',(3.84326614371511,5.38163297037278,6.78616022720108));
#2097=CARTESIAN_POINT('Ctrl Pts',(11.4466585278548,9.40014317352111,6.78616022720108));
#2098=CARTESIAN_POINT('Ctrl Pts',(3.7984046106948,5.46651513347896,6.97476662695408));
#2099=CARTESIAN_POINT('Ctrl Pts',(11.4017969948344,9.48502533662729,6.97476662695408));
#2100=CARTESIAN_POINT('Origin',(0.,0.,0.));
#2101=CARTESIAN_POINT('',(0.147027303904937,13.999227941994,6.97476662695408));
#2102=CARTESIAN_POINT('',(-0.464933449954137,13.9922777590753,6.97476662695408));
#2103=CARTESIAN_POINT('Origin',(0.,0.,6.97476662695408));
#2104=CARTESIAN_POINT('',(6.64831191122706,12.3207121844087,-0.0252332165837288));
#2105=CARTESIAN_POINT('Ctrl Pts',(6.64831191122706,12.3207121844087,-0.0252332165837289));
#2106=CARTESIAN_POINT('Ctrl Pts',(6.00243431158122,12.6692306527123,0.34344113533694));
#2107=CARTESIAN_POINT('Ctrl Pts',(5.35416416170288,12.9528104375049,0.766568957030073));
#2108=CARTESIAN_POINT('Ctrl Pts',(4.09786719400384,13.4035763306557,1.73340576979116));
#2109=CARTESIAN_POINT('Ctrl Pts',(3.50507285810981,13.5662305375363,2.26677855904822));
#2110=CARTESIAN_POINT('Ctrl Pts',(1.77977977512975,13.937471354651,4.13027239188141));
#2111=CARTESIAN_POINT('Ctrl Pts',(0.861691944053013,13.9917221555555,5.59255245245323));
#2112=CARTESIAN_POINT('Ctrl Pts',(0.147027303904938,13.999227941994,6.97476662695408));
#2113=CARTESIAN_POINT('',(6.09151229616739,12.6052956310291,-0.0252332165837288));
#2114=CARTESIAN_POINT('Origin',(0.,0.,-0.0252332165837288));
#2115=CARTESIAN_POINT('Ctrl Pts',(-0.464933449954136,13.9922777590753,6.97476662695408));
#2116=CARTESIAN_POINT('Ctrl Pts',(0.28375869646732,14.0171551970867,5.53869828947206));
#2117=CARTESIAN_POINT('Ctrl Pts',(1.23832450099847,13.9995758728991,4.04423289757151));
#2118=CARTESIAN_POINT('Ctrl Pts',(3.70854239718954,13.560000875068,1.45019424009229));
#2119=CARTESIAN_POINT('Ctrl Pts',(4.99628882215048,13.13456265136,0.593884440677342));
#2120=CARTESIAN_POINT('Ctrl Pts',(6.09151229616739,12.6052956310291,-0.0252332165837288));
#2121=CARTESIAN_POINT('Origin',(5.86202515773808,8.16508675512223,-0.0252332165837288));
#2122=CARTESIAN_POINT('',(5.59068642429255,6.73102706169207,-0.0252332165837288));
#2123=CARTESIAN_POINT('',(5.86202515773808,8.16508675512223,-0.0252332165837288));
#2124=CARTESIAN_POINT('',(5.05748539419516,7.14033202921983,-0.0252332165837288));
#2125=CARTESIAN_POINT('Origin',(0.,0.,-0.0252332165837288));
#2126=CARTESIAN_POINT('',(5.2724852737981,8.27663371941998,-0.0252332165837288));
#2127=CARTESIAN_POINT('Ctrl Pts',(-1.3160872087004,6.26648178092573,6.97476662695408));
#2128=CARTESIAN_POINT('Ctrl Pts',(0.282752612900669,14.716553450732,6.97476662695408));
#2129=CARTESIAN_POINT('Ctrl Pts',(-1.2217529529501,6.24863277673638,6.78616022720109));
#2130=CARTESIAN_POINT('Ctrl Pts',(0.37708686865097,14.6987044465427,6.78616022720109));
#2131=CARTESIAN_POINT('Ctrl Pts',(-1.02984857278178,6.21232250897272,6.41316080610922));
#2132=CARTESIAN_POINT('Ctrl Pts',(0.568991248819287,14.662394178779,6.41316080610922));
#2133=CARTESIAN_POINT('Ctrl Pts',(-0.732284806069688,6.15602040666217,5.86630127645298));
#2134=CARTESIAN_POINT('Ctrl Pts',(0.866555015531379,14.6060920764685,5.86630127645298));
#2135=CARTESIAN_POINT('Ctrl Pts',(-0.315795778965365,6.07721643104932,5.16285494325732));
#2136=CARTESIAN_POINT('Ctrl Pts',(1.2830440426357,14.5272881008556,5.16285494325732));
#2137=CARTESIAN_POINT('Ctrl Pts',(0.239964560479863,5.97206090140492,4.32931411041352));
#2138=CARTESIAN_POINT('Ctrl Pts',(1.83880438208093,14.4221325712112,4.32931411041352));
#2139=CARTESIAN_POINT('Ctrl Pts',(0.834095483515011,5.85964526564323,3.54573506689018));
#2140=CARTESIAN_POINT('Ctrl Pts',(2.43293530511608,14.3097169354495,3.54573506689018));
#2141=CARTESIAN_POINT('Ctrl Pts',(1.46985591805593,5.73935290133412,2.81636121622129));
#2142=CARTESIAN_POINT('Ctrl Pts',(3.068695739657,14.1894245711404,2.81636121622129));
#2143=CARTESIAN_POINT('Ctrl Pts',(2.14925227507457,5.61080417503947,2.1438050775025));
#2144=CARTESIAN_POINT('Ctrl Pts',(3.74809209667564,14.0608758448457,2.1438050775025));
#2145=CARTESIAN_POINT('Ctrl Pts',(2.8708559618012,5.47426939109495,1.526206500477));
#2146=CARTESIAN_POINT('Ctrl Pts',(4.46969578340227,13.9243410609012,1.526206500477));
#2147=CARTESIAN_POINT('Ctrl Pts',(3.63160406718992,5.33032808353786,0.95957731238331));
#2148=CARTESIAN_POINT('Ctrl Pts',(5.23044388879099,13.7803997533441,0.95957731238331));
#2149=CARTESIAN_POINT('Ctrl Pts',(4.26901125271142,5.20972413713254,0.543785360643424));
#2150=CARTESIAN_POINT('Ctrl Pts',(5.86785107431248,13.6597958069388,0.543785360643424));
#2151=CARTESIAN_POINT('Ctrl Pts',(4.76225071405802,5.11639819586226,0.251712360575634));
#2152=CARTESIAN_POINT('Ctrl Pts',(6.36109053565909,13.5664698656685,0.251712360575634));
#2153=CARTESIAN_POINT('Ctrl Pts',(5.09771577018863,5.05292478268237,0.065641246968205));
#2154=CARTESIAN_POINT('Ctrl Pts',(6.69655559178969,13.5029964524887,0.065641246968205));
#2155=CARTESIAN_POINT('Ctrl Pts',(5.26710801481675,5.0208740407757,-0.0252332165837288));
#2156=CARTESIAN_POINT('Ctrl Pts',(6.86594783641782,13.470945710582,-0.0252332165837288));
#2157=CARTESIAN_POINT('',(-0.854086047446657,8.70821663852921,6.97476662695408));
#2158=CARTESIAN_POINT('',(-0.721170065779072,9.41069449527225,6.97476662695408));
#2159=CARTESIAN_POINT('Ctrl Pts',(-0.854086047446656,8.70821663852921,6.97476662695408));
#2160=CARTESIAN_POINT('Ctrl Pts',(-0.350340622159621,8.75762307351604,6.02046227777791));
#2161=CARTESIAN_POINT('Ctrl Pts',(0.232356985297467,8.7708640473612,5.06484558202182));
#2162=CARTESIAN_POINT('Ctrl Pts',(1.50163164114504,8.64302907167995,3.35134085523187));
#2163=CARTESIAN_POINT('Ctrl Pts',(2.18342529612933,8.51083839773061,2.59371675961418));
#2164=CARTESIAN_POINT('Ctrl Pts',(3.84447511986144,7.91905541518284,1.10006893512998));
#2165=CARTESIAN_POINT('Ctrl Pts',(4.76150576219256,7.41973162763731,0.471717066663534));
#2166=CARTESIAN_POINT('Ctrl Pts',(5.59068642429255,6.73102706169207,-0.0252332165837288));
#2167=CARTESIAN_POINT('Origin',(0.,0.,7.));
#2168=CARTESIAN_POINT('',(-1.48070324208061,8.62380530328068,6.97476662695408));
#2169=CARTESIAN_POINT('Origin',(0.,0.,6.97476662695408));
#2170=CARTESIAN_POINT('Ctrl Pts',(5.05748539419516,7.14033202921983,-0.0252332165837288));
#2171=CARTESIAN_POINT('Ctrl Pts',(4.51529036304771,7.52436787511775,0.293221308681972));
#2172=CARTESIAN_POINT('Ctrl Pts',(3.9526823078814,7.82991121029633,0.659132184249422));
#2173=CARTESIAN_POINT('Ctrl Pts',(2.91657137040738,8.26578757757467,1.43267110073344));
#2174=CARTESIAN_POINT('Ctrl Pts',(2.17802900333195,8.51956187149821,2.00625759276186));
#2175=CARTESIAN_POINT('Ctrl Pts',(0.0517462279979919,8.8424627455948,4.30970097480482));
#2176=CARTESIAN_POINT('Ctrl Pts',(-0.885496520873179,8.72600201236741,5.86320030470419));
#2177=CARTESIAN_POINT('Ctrl Pts',(-1.48070324208061,8.62380530328068,6.97476662695408));
#2178=CARTESIAN_POINT('Origin',(-1.31070994971904,9.52224145957,6.97476662695408));
#2179=CARTESIAN_POINT('',(-1.31070994971904,9.52224145957,6.97476662695408));
#2180=CARTESIAN_POINT('Ctrl Pts',(4.67756813087678,5.13242100507345,-0.0252332165837288));
#2181=CARTESIAN_POINT('Ctrl Pts',(6.27640795247784,13.5824926748797,-0.0252332165837288));
#2182=CARTESIAN_POINT('Ctrl Pts',(4.50817588624845,5.16447174698016,0.065641246968205));
#2183=CARTESIAN_POINT('Ctrl Pts',(6.10701570784952,13.6145434167864,0.065641246968205));
#2184=CARTESIAN_POINT('Ctrl Pts',(4.1727108301175,5.22794516016011,0.251712360575634));
#2185=CARTESIAN_POINT('Ctrl Pts',(5.77155065171857,13.6780168299664,0.251712360575634));
#2186=CARTESIAN_POINT('Ctrl Pts',(3.67947136877058,5.32127110143045,0.543785360643424));
#2187=CARTESIAN_POINT('Ctrl Pts',(5.27831119037165,13.7713427712367,0.543785360643424));
#2188=CARTESIAN_POINT('Ctrl Pts',(3.042064183249,5.44187504783578,0.95957731238331));
#2189=CARTESIAN_POINT('Ctrl Pts',(4.64090400485007,13.8919467176421,0.95957731238331));
#2190=CARTESIAN_POINT('Ctrl Pts',(2.28131607786053,5.58581635539283,1.526206500477));
#2191=CARTESIAN_POINT('Ctrl Pts',(3.8801558994616,14.0358880251991,1.526206500477));
#2192=CARTESIAN_POINT('Ctrl Pts',(1.55971239113431,5.72235113933727,2.1438050775025));
#2193=CARTESIAN_POINT('Ctrl Pts',(3.15855221273537,14.1724228091436,2.1438050775025));
#2194=CARTESIAN_POINT('Ctrl Pts',(0.880316034116021,5.85089986563185,2.81636121622129));
#2195=CARTESIAN_POINT('Ctrl Pts',(2.47915585571709,14.3009715354381,2.81636121622129));
#2196=CARTESIAN_POINT('Ctrl Pts',(0.244555599575285,5.97119222994093,3.54573506689018));
#2197=CARTESIAN_POINT('Ctrl Pts',(1.84339542117635,14.4212638997472,3.54573506689018));
#2198=CARTESIAN_POINT('Ctrl Pts',(-0.349575323459849,6.08360786570262,4.32931411041352));
#2199=CARTESIAN_POINT('Ctrl Pts',(1.24926449814122,14.5336795355089,4.32931411041352));
#2200=CARTESIAN_POINT('Ctrl Pts',(-0.905335662905173,6.18876339534703,5.16285494325732));
#2201=CARTESIAN_POINT('Ctrl Pts',(0.693504158695895,14.6388350651533,5.16285494325732));
#2202=CARTESIAN_POINT('Ctrl Pts',(-1.32182469000959,6.26756737095991,5.86630127645298));
#2203=CARTESIAN_POINT('Ctrl Pts',(0.277015131591482,14.7176390407662,5.86630127645298));
#2204=CARTESIAN_POINT('Ctrl Pts',(-1.61938845672172,6.32386947327046,6.41316080610922));
#2205=CARTESIAN_POINT('Ctrl Pts',(-0.0205486351206557,14.7739411430767,
6.41316080610922));
#2206=CARTESIAN_POINT('Ctrl Pts',(-1.81129283689006,6.36017974103413,6.78616022720109));
#2207=CARTESIAN_POINT('Ctrl Pts',(-0.212453015288995,14.8102514108404,6.78616022720109));
#2208=CARTESIAN_POINT('Ctrl Pts',(-1.90562709264037,6.37802874522348,6.97476662695408));
#2209=CARTESIAN_POINT('Ctrl Pts',(-0.306787271039305,14.8281004150298,6.97476662695408));
#2210=CARTESIAN_POINT('Origin',(0.,0.,0.));
#2211=CARTESIAN_POINT('',(-10.8533671107175,8.84332643070438,6.97476662695408));
#2212=CARTESIAN_POINT('',(-11.2294845280717,8.36054287913161,6.97476662695408));
#2213=CARTESIAN_POINT('Origin',(0.,0.,6.97476662695408));
#2214=CARTESIAN_POINT('',(-5.48756599597214,12.87969795608,-0.0252332165837288));
#2215=CARTESIAN_POINT('Ctrl Pts',(-5.48756599597214,12.87969795608,-0.0252332165837281));
#2216=CARTESIAN_POINT('Ctrl Pts',(-6.16274680334164,12.5920282256027,0.343441135336942));
#2217=CARTESIAN_POINT('Ctrl Pts',(-6.78864823418255,12.261999317115,0.766568957030073));
#2218=CARTESIAN_POINT('Ctrl Pts',(-7.92435954813705,11.560834733844,1.73340576979116));
#2219=CARTESIAN_POINT('Ctrl Pts',(-8.42112895086172,11.1987826986328,2.26677855904821));
#2220=CARTESIAN_POINT('Ctrl Pts',(-9.78707935171466,10.0813591133794,4.1302723918814));
#2221=CARTESIAN_POINT('Ctrl Pts',(-10.4019127356978,9.39739396447947,5.59255245245323));
#2222=CARTESIAN_POINT('Ctrl Pts',(-10.8533671107175,8.84332643070438,6.97476662695408));
#2223=CARTESIAN_POINT('',(-6.05722117559783,12.6218093643459,-0.0252332165837288));
#2224=CARTESIAN_POINT('Origin',(0.,0.,-0.0252332165837288));
#2225=CARTESIAN_POINT('Ctrl Pts',(-11.2294845280717,8.36054287913161,6.97476662695408));
#2226=CARTESIAN_POINT('Ctrl Pts',(-10.7821325742866,8.96140479877694,5.53869828947206));
#2227=CARTESIAN_POINT('Ctrl Pts',(-10.173226460868,9.69675386749229,4.04423289757151));
#2228=CARTESIAN_POINT('Ctrl Pts',(-8.28939722201376,11.3539774589906,1.45019424009229));
#2229=CARTESIAN_POINT('Ctrl Pts',(-7.15387946153042,12.0955217616579,0.593884440677347));
#2230=CARTESIAN_POINT('Ctrl Pts',(-6.05722117559783,12.6218093643459,-0.0252332165837281));
#2231=CARTESIAN_POINT('Origin',(-2.72880897814826,9.67396414244977,-0.0252332165837288));
#2232=CARTESIAN_POINT('',(-1.77679289523866,8.56770138411869,-0.0252332165837288));
#2233=CARTESIAN_POINT('',(-2.72880897814826,9.67396414244977,-0.0252332165837288));
#2234=CARTESIAN_POINT('',(-2.42924580938872,8.40602550540785,-0.0252332165837288));
#2235=CARTESIAN_POINT('Origin',(0.,0.,-0.0252332165837288));
#2236=CARTESIAN_POINT('',(-3.18359201203553,9.2825916956829,-0.0252332165837288));
#2237=CARTESIAN_POINT('Ctrl Pts',(-5.71989969362149,2.8781290705053,6.97476662695408));
#2238=CARTESIAN_POINT('Ctrl Pts',(-11.3295714306133,9.3966858895562,6.97476662695408));
#2239=CARTESIAN_POINT('Ctrl Pts',(-5.6471283337893,2.94075388944068,6.78616022720108));
#2240=CARTESIAN_POINT('Ctrl Pts',(-11.2568000707811,9.45931070849159,6.78616022720108));
#2241=CARTESIAN_POINT('Ctrl Pts',(-5.49908939934786,3.06815169382639,6.41316080610921));
#2242=CARTESIAN_POINT('Ctrl Pts',(-11.1087611363397,9.58670851287729,6.41316080610921));
#2243=CARTESIAN_POINT('Ctrl Pts',(-5.26954266928468,3.26569262806984,5.86630127645298));
#2244=CARTESIAN_POINT('Ctrl Pts',(-10.8792144062765,9.78424944712074,5.86630127645298));
#2245=CARTESIAN_POINT('Ctrl Pts',(-4.9482545792213,3.54218338642194,5.16285494325732));
#2246=CARTESIAN_POINT('Ctrl Pts',(-10.5579263162131,10.0607402054728,5.16285494325732));
#2247=CARTESIAN_POINT('Ctrl Pts',(-4.51952977166806,3.91113091616501,4.32931411041352));
#2248=CARTESIAN_POINT('Ctrl Pts',(-10.1292015086599,10.4296877352159,4.32931411041352));
#2249=CARTESIAN_POINT('Ctrl Pts',(-4.06120511702658,4.30555117403479,3.54573506689018));
#2250=CARTESIAN_POINT('Ctrl Pts',(-9.67087685401842,10.8241079930857,3.54573506689018));
#2251=CARTESIAN_POINT('Ctrl Pts',(-3.57076661214766,4.72760763467823,2.81636121622129));
#2252=CARTESIAN_POINT('Ctrl Pts',(-9.1804383491395,11.2461644537291,2.81636121622129));
#2253=CARTESIAN_POINT('Ctrl Pts',(-3.04666647087824,5.17863227578285,2.1438050775025));
#2254=CARTESIAN_POINT('Ctrl Pts',(-8.65633820787008,11.6971890948338,2.1438050775025));
#2255=CARTESIAN_POINT('Ctrl Pts',(-2.49000673868073,5.65767671054233,1.526206500477));
#2256=CARTESIAN_POINT('Ctrl Pts',(-8.09967847567257,12.1762335295932,1.526206500477));
#2257=CARTESIAN_POINT('Ctrl Pts',(-1.90315020731176,6.16270759223509,0.95957731238331));
#2258=CARTESIAN_POINT('Ctrl Pts',(-7.5128219443036,12.681264411286,0.95957731238331));
#2259=CARTESIAN_POINT('Ctrl Pts',(-1.41144136529807,6.5858572663795,0.543785360643424));
#2260=CARTESIAN_POINT('Ctrl Pts',(-7.02111310228991,13.1044140854304,0.543785360643424));
#2261=CARTESIAN_POINT('Ctrl Pts',(-1.0309464322581,6.91329963302496,0.251712360575634));
#2262=CARTESIAN_POINT('Ctrl Pts',(-6.64061816924994,13.4318564520759,0.251712360575634));
#2263=CARTESIAN_POINT('Ctrl Pts',(-0.772161878156961,7.13600174936895,0.0656412469682049));
#2264=CARTESIAN_POINT('Ctrl Pts',(-6.3818336151488,13.6545585684198,0.0656412469682049));
#2265=CARTESIAN_POINT('Ctrl Pts',(-0.641489262058275,7.24845462838432,-0.0252332165837288));
#2266=CARTESIAN_POINT('Ctrl Pts',(-6.25116099905012,13.7670114474352,-0.0252332165837288));
#2267=CARTESIAN_POINT('',(-7.34087186464688,4.76173290586902,6.97476662695408));
#2268=CARTESIAN_POINT('',(-7.80721940971147,5.30363858457075,6.97476662695408));
#2269=CARTESIAN_POINT('Ctrl Pts',(-7.34087186464688,4.76173290586902,6.97476662695408));
#2270=CARTESIAN_POINT('Ctrl Pts',(-7.06541923555664,5.18638134686816,6.02046227777791));
#2271=CARTESIAN_POINT('Ctrl Pts',(-6.71246542995034,5.65020829329604,5.06484558202182));
#2272=CARTESIAN_POINT('Ctrl Pts',(-5.82114021772349,6.56286337547833,3.35134085523187));
#2273=CARTESIAN_POINT('Ctrl Pts',(-5.29269799628653,7.01349158238375,2.59371675961418));
#2274=CARTESIAN_POINT('Ctrl Pts',(-3.79437580426564,7.9431819739934,1.10006893512998));
#2275=CARTESIAN_POINT('Ctrl Pts',(-2.83222949373195,8.34882211119564,0.471717066663537));
#2276=CARTESIAN_POINT('Ctrl Pts',(-1.77679289523866,8.56770138411869,-0.0252332165837291));
#2277=CARTESIAN_POINT('Origin',(0.,0.,7.));
#2278=CARTESIAN_POINT('',(-7.66556585579601,4.21919424895966,6.97476662695408));
#2279=CARTESIAN_POINT('Origin',(0.,0.,6.97476662695408));
#2280=CARTESIAN_POINT('Ctrl Pts',(-2.42924580938872,8.40602550540785,-0.0252332165837288));
#2281=CARTESIAN_POINT('Ctrl Pts',(-3.06755019664686,8.22156279388458,0.293221308681972));
#2282=CARTESIAN_POINT('Ctrl Pts',(-3.65721398018753,7.9722012575752,0.659132184249422));
#2283=CARTESIAN_POINT('Ctrl Pts',(-4.64400044969888,7.43390157719782,1.43267110073344));
#2284=CARTESIAN_POINT('Ctrl Pts',(-5.30288281624154,7.01471158771702,2.00625759276186));
#2285=CARTESIAN_POINT('Ctrl Pts',(-6.88105251161531,5.55364217534194,4.30970097480482));
#2286=CARTESIAN_POINT('Ctrl Pts',(-7.37436113969404,4.74826420807531,5.86320030470419));
#2287=CARTESIAN_POINT('Ctrl Pts',(-7.66556585579601,4.21919424895966,6.97476662695408));
#2288=CARTESIAN_POINT('Origin',(-8.26200244359875,4.91226613780388,6.97476662695408));
#2289=CARTESIAN_POINT('',(-8.26200244359875,4.91226613780388,6.97476662695408));
#2290=CARTESIAN_POINT('Ctrl Pts',(-1.09627229594555,6.85708218161745,-0.0252332165837288));
#2291=CARTESIAN_POINT('Ctrl Pts',(-6.70594403293739,13.3756390006683,-0.0252332165837288));
#2292=CARTESIAN_POINT('Ctrl Pts',(-1.22694491204439,6.74462930260194,0.0656412469682049));
#2293=CARTESIAN_POINT('Ctrl Pts',(-6.83661664903623,13.2631861216528,0.0656412469682049));
#2294=CARTESIAN_POINT('Ctrl Pts',(-1.48572946614579,6.52192718625772,0.251712360575634));
#2295=CARTESIAN_POINT('Ctrl Pts',(-7.09540120313763,13.0404840053086,0.251712360575634));
#2296=CARTESIAN_POINT('Ctrl Pts',(-1.866224399186,6.19448481961205,0.543785360643424));
#2297=CARTESIAN_POINT('Ctrl Pts',(-7.47589613617784,12.713041638663,0.543785360643424));
#2298=CARTESIAN_POINT('Ctrl Pts',(-2.35793324119976,5.77133514546759,0.95957731238331));
#2299=CARTESIAN_POINT('Ctrl Pts',(-7.9676049781916,12.2898919645185,0.95957731238331));
#2300=CARTESIAN_POINT('Ctrl Pts',(-2.94478977256854,5.266304263775,1.526206500477));
#2301=CARTESIAN_POINT('Ctrl Pts',(-8.55446150956038,11.7848610828259,1.526206500477));
#2302=CARTESIAN_POINT('Ctrl Pts',(-3.50144950476574,4.78725982901578,2.1438050775025));
#2303=CARTESIAN_POINT('Ctrl Pts',(-9.11112124175758,11.3058166480667,2.1438050775025));
#2304=CARTESIAN_POINT('Ctrl Pts',(-4.02554964603488,4.3362351879114,2.81636121622129));
#2305=CARTESIAN_POINT('Ctrl Pts',(-9.63522138302672,10.8547920069623,2.81636121622129));
#2306=CARTESIAN_POINT('Ctrl Pts',(-4.51598815091366,3.91417872726808,3.54573506689018));
#2307=CARTESIAN_POINT('Ctrl Pts',(-10.1256598879055,10.432735546319,3.54573506689018));
#2308=CARTESIAN_POINT('Ctrl Pts',(-4.97431280555513,3.51975846939831,4.32931411041352));
#2309=CARTESIAN_POINT('Ctrl Pts',(-10.583984542547,10.0383152884492,4.32931411041352));
#2310=CARTESIAN_POINT('Ctrl Pts',(-5.40303761310844,3.15081093965518,5.16285494325732));
#2311=CARTESIAN_POINT('Ctrl Pts',(-11.0127093501003,9.66936775870608,5.16285494325732));
#2312=CARTESIAN_POINT('Ctrl Pts',(-5.72432570317189,2.87432018130302,5.86630127645298));
#2313=CARTESIAN_POINT('Ctrl Pts',(-11.3339974401637,9.39287700035391,5.86630127645298));
#2314=CARTESIAN_POINT('Ctrl Pts',(-5.95387243323511,2.67677924705953,6.41316080610921));
#2315=CARTESIAN_POINT('Ctrl Pts',(-11.563544170227,9.19533606611043,6.41316080610921));
#2316=CARTESIAN_POINT('Ctrl Pts',(-6.10191136767657,2.54938144267382,6.78616022720108));
#2317=CARTESIAN_POINT('Ctrl Pts',(-11.7115831046684,9.06793826172472,6.78616022720108));
#2318=CARTESIAN_POINT('Ctrl Pts',(-6.17468272750876,2.48675662373843,6.97476662695408));
#2319=CARTESIAN_POINT('Ctrl Pts',(-11.7843544645006,9.00531344278933,6.97476662695408));
#2320=CARTESIAN_POINT('Origin',(0.,0.,0.));
#2321=CARTESIAN_POINT('',(-13.6809547226277,-2.97178025389008,6.97476662695408));
#2322=CARTESIAN_POINT('',(-13.5380047168121,-3.56685131279288,6.97476662695408));
#2323=CARTESIAN_POINT('Origin',(0.,0.,6.97476662695408));
#2324=CARTESIAN_POINT('',(-13.4911947822578,3.74000846886458,-0.0252332165837288));
#2325=CARTESIAN_POINT('Ctrl Pts',(-13.4911947822578,3.74000846886458,-0.0252332165837288));
#2326=CARTESIAN_POINT('Ctrl Pts',(-13.6872538782233,3.03277171404891,0.343441135336941));
#2327=CARTESIAN_POINT('Ctrl Pts',(-13.8194700465411,2.33765261173505,0.766568957030073));
#2328=CARTESIAN_POINT('Ctrl Pts',(-13.9793819230545,1.01254878439631,1.73340576979116));
#2329=CARTESIAN_POINT('Ctrl Pts',(-14.006048900109,0.398423074122934,2.26677855904822));
#2330=CARTESIAN_POINT('Ctrl Pts',(-13.9840681066823,-1.36622216251563,4.13027239188141));
#2331=CARTESIAN_POINT('Ctrl Pts',(-13.8326649651172,-2.27336355375196,5.59255245245324));
#2332=CARTESIAN_POINT('Ctrl Pts',(-13.6809547226277,-2.97178025389008,6.97476662695408));
#2333=CARTESIAN_POINT('',(-13.6447435573434,3.13384320832033,-0.0252332165837288));
#2334=CARTESIAN_POINT('Origin',(0.,0.,-0.0252332165837288));
#2335=CARTESIAN_POINT('Ctrl Pts',(-13.5380047168121,-3.56685131279288,6.97476662695408));
#2336=CARTESIAN_POINT('Ctrl Pts',(-13.7288581011805,-2.84246619235602,5.53869828947206));
#2337=CARTESIAN_POINT('Ctrl Pts',(-13.9241304016997,-1.90792157786776,4.04423289757151));
#2338=CARTESIAN_POINT('Ctrl Pts',(-14.0452516601529,0.598177437361206,1.45019424009229));
#2339=CARTESIAN_POINT('Ctrl Pts',(-13.9170305981322,1.94830628174819,0.593884440677342));
#2340=CARTESIAN_POINT('Ctrl Pts',(-13.6447435573434,3.13384320832033,-0.025233216583729));
#2341=CARTESIAN_POINT('Origin',(-9.26479429593006,3.89814921760678,-0.0252332165837288));
#2342=CARTESIAN_POINT('',(-7.80631092468527,3.95272181504586,-0.0252332165837288));
#2343=CARTESIAN_POINT('',(-9.26479429593006,3.89814921760678,-0.0252332165837288));
#2344=CARTESIAN_POINT('',(-8.08670537091902,3.34181032435257,-0.0252332165837288));
#2345=CARTESIAN_POINT('Origin',(0.,0.,-0.0252332165837288));
#2346=CARTESIAN_POINT('',(-9.24235957936427,3.29856879473374,-0.0252332165837288));
#2347=CARTESIAN_POINT('Ctrl Pts',(-5.81651104455539,-2.67751353313931,6.97476662695408));
#2348=CARTESIAN_POINT('Ctrl Pts',(-14.4104971057356,-2.9990778039157,6.97476662695408));
#2349=CARTESIAN_POINT('Ctrl Pts',(-5.82010089886017,-2.58157265705103,6.78616022720109));
#2350=CARTESIAN_POINT('Ctrl Pts',(-14.4140869600404,-2.90313692782743,6.78616022720109));
#2351=CARTESIAN_POINT('Ctrl Pts',(-5.82740374722394,-2.38639992566002,6.41316080610922));
#2352=CARTESIAN_POINT('Ctrl Pts',(-14.4213898084042,-2.70796419643641,6.41316080610922));
#2353=CARTESIAN_POINT('Ctrl Pts',(-5.8387274234472,-2.08376830744859,5.86630127645298));
#2354=CARTESIAN_POINT('Ctrl Pts',(-14.4327134846274,-2.40533257822499,5.86630127645298));
#2355=CARTESIAN_POINT('Ctrl Pts',(-5.85457675532515,-1.66018599555429,5.16285494325732));
#2356=CARTESIAN_POINT('Ctrl Pts',(-14.4485628165054,-1.98175026633069,5.16285494325732));
#2357=CARTESIAN_POINT('Ctrl Pts',(-5.8757260041438,-1.09496042147835,4.32931411041352));
#2358=CARTESIAN_POINT('Ctrl Pts',(-14.469712065324,-1.41652469225475,4.32931411041352));
#2359=CARTESIAN_POINT('Ctrl Pts',(-5.89833543096016,-0.490710768860048,
3.54573506689018));
#2360=CARTESIAN_POINT('Ctrl Pts',(-14.4923214921404,-0.812275039636447,
3.54573506689018));
#2361=CARTESIAN_POINT('Ctrl Pts',(-5.92252905303938,0.155877393488616,2.81636121622129));
#2362=CARTESIAN_POINT('Ctrl Pts',(-14.5165151142196,-0.165686877287782,
2.81636121622129));
#2363=CARTESIAN_POINT('Ctrl Pts',(-5.94838322358962,0.846844648014719,2.1438050775025));
#2364=CARTESIAN_POINT('Ctrl Pts',(-14.5423692847698,0.52528037723832,2.1438050775025));
#2365=CARTESIAN_POINT('Ctrl Pts',(-5.97584357805512,1.58073807137867,1.526206500477));
#2366=CARTESIAN_POINT('Ctrl Pts',(-14.5698296392353,1.25917380060227,1.526206500477));
#2367=CARTESIAN_POINT('Ctrl Pts',(-6.00479355851836,2.35444258765407,0.95957731238331));
#2368=CARTESIAN_POINT('Ctrl Pts',(-14.5987796196986,2.03287831687768,0.95957731238331));
#2369=CARTESIAN_POINT('Ctrl Pts',(-6.02904984708124,3.00270554703717,0.543785360643424));
#2370=CARTESIAN_POINT('Ctrl Pts',(-14.6230359082615,2.68114127626077,0.543785360643424));
#2371=CARTESIAN_POINT('Ctrl Pts',(-6.04781988760916,3.50434544090731,0.251712360575634));
#2372=CARTESIAN_POINT('Ctrl Pts',(-14.6418059487894,3.18278117013091,0.251712360575634));
#2373=CARTESIAN_POINT('Ctrl Pts',(-6.06058588301853,3.84552385087287,0.065641246968205));
#2374=CARTESIAN_POINT('Ctrl Pts',(-14.6545719441988,3.52395958009647,0.065641246968205));
#2375=CARTESIAN_POINT('Ctrl Pts',(-6.06703204060719,4.01780103929102,-0.0252332165837288));
#2376=CARTESIAN_POINT('Ctrl Pts',(-14.6610181017874,3.69623676851462,-0.0252332165837288));
#2377=CARTESIAN_POINT('',(-8.29983144127141,-2.77043282656023,6.97476662695408));
#2378=CARTESIAN_POINT('',(-9.01427329987826,-2.79716535482355,6.97476662695408));
#2379=CARTESIAN_POINT('Ctrl Pts',(-8.29983144127141,-2.77043282656023,6.97476662695408));
#2380=CARTESIAN_POINT('Ctrl Pts',(-8.46009305629256,-2.29031131687072,6.02046227777791));
#2381=CARTESIAN_POINT('Ctrl Pts',(-8.60266446710414,-1.72516954886575,5.06484558202182));
#2382=CARTESIAN_POINT('Ctrl Pts',(-8.76047476302569,-0.459272300474098,
3.35134085523187));
#2383=CARTESIAN_POINT('Ctrl Pts',(-8.78331174613494,0.234842556346073,2.59371675961418));
#2384=CARTESIAN_POINT('Ctrl Pts',(-8.57598435661975,1.98593049500319,1.10006893512998));
#2385=CARTESIAN_POINT('Ctrl Pts',(-8.29323817392335,2.99107926008906,0.471717066663533));
#2386=CARTESIAN_POINT('Ctrl Pts',(-7.80631092468527,3.95272181504585,-0.0252332165837288));
#2387=CARTESIAN_POINT('Origin',(0.,0.,7.));
#2388=CARTESIAN_POINT('',(-8.07810103105005,-3.36255613070594,6.97476662695408));
#2389=CARTESIAN_POINT('Origin',(0.,0.,6.97476662695408));
#2390=CARTESIAN_POINT('Ctrl Pts',(-8.08670537091902,3.34181032435257,-0.0252332165837288));
#2391=CARTESIAN_POINT('Ctrl Pts',(-8.34046289164585,2.72775323953872,0.293221308681972));
#2392=CARTESIAN_POINT('Ctrl Pts',(-8.51315354760562,2.11126115463069,0.659132184249422));
#2393=CARTESIAN_POINT('Ctrl Pts',(-8.70754521083662,1.00413606523413,1.43267110073344));
#2394=CARTESIAN_POINT('Ctrl Pts',(-8.79061571608898,0.227640404345485,2.00625759276186));
#2395=CARTESIAN_POINT('Ctrl Pts',(-8.63227836209113,-1.91718422659831,4.30970097480482));
#2396=CARTESIAN_POINT('Ctrl Pts',(-8.31018141077198,-2.80501339183584,5.86320030470419));
#2397=CARTESIAN_POINT('Ctrl Pts',(-8.07810103105005,-3.36255613070594,6.97476662695408));
#2398=CARTESIAN_POINT('Origin',(-8.99183858331247,-3.39674577769659,6.97476662695408));
#2399=CARTESIAN_POINT('',(-8.99183858331247,-3.39674577769659,6.97476662695408));
#2400=CARTESIAN_POINT('Ctrl Pts',(-6.04459732404139,3.41822061641798,-0.0252332165837288));
#2401=CARTESIAN_POINT('Ctrl Pts',(-14.6385833852216,3.09665634564158,-0.0252332165837288));
#2402=CARTESIAN_POINT('Ctrl Pts',(-6.03815116645273,3.24594342799962,0.065641246968205));
#2403=CARTESIAN_POINT('Ctrl Pts',(-14.632137227633,2.92437915722322,0.065641246968205));
#2404=CARTESIAN_POINT('Ctrl Pts',(-6.02538517104334,2.90476501803372,0.251712360575634));
#2405=CARTESIAN_POINT('Ctrl Pts',(-14.6193712322236,2.58320074725732,0.251712360575634));
#2406=CARTESIAN_POINT('Ctrl Pts',(-6.00661513051541,2.40312512416325,0.543785360643424));
#2407=CARTESIAN_POINT('Ctrl Pts',(-14.6006011916956,2.08156085338685,0.543785360643424));
#2408=CARTESIAN_POINT('Ctrl Pts',(-5.98235884195252,1.75486216478007,0.95957731238331));
#2409=CARTESIAN_POINT('Ctrl Pts',(-14.5763449031328,1.43329789400368,0.95957731238331));
#2410=CARTESIAN_POINT('Ctrl Pts',(-5.9534088614893,0.981157648504927,1.526206500477));
#2411=CARTESIAN_POINT('Ctrl Pts',(-14.5473949226695,0.659593377728528,1.526206500477));
#2412=CARTESIAN_POINT('Ctrl Pts',(-5.92594850702381,0.24726422514138,2.1438050775025));
#2413=CARTESIAN_POINT('Ctrl Pts',(-14.519934568204,-0.0743000456350188,
2.1438050775025));
#2414=CARTESIAN_POINT('Ctrl Pts',(-5.90009433647359,-0.443703029384358,
2.81636121622129));
#2415=CARTESIAN_POINT('Ctrl Pts',(-14.4940803976538,-0.765267300160757,
2.81636121622129));
#2416=CARTESIAN_POINT('Ctrl Pts',(-5.87590071439438,-1.09029119173284,3.54573506689018));
#2417=CARTESIAN_POINT('Ctrl Pts',(-14.4698867755746,-1.41185546250923,3.54573506689018));
#2418=CARTESIAN_POINT('Ctrl Pts',(-5.85329128757801,-1.69454084435112,4.32931411041352));
#2419=CARTESIAN_POINT('Ctrl Pts',(-14.4472773487582,-2.01610511512752,4.32931411041352));
#2420=CARTESIAN_POINT('Ctrl Pts',(-5.83214203875936,-2.25976641842716,5.16285494325732));
#2421=CARTESIAN_POINT('Ctrl Pts',(-14.4261280999396,-2.58133068920356,5.16285494325732));
#2422=CARTESIAN_POINT('Ctrl Pts',(-5.81629270688141,-2.68334873032155,5.86630127645298));
#2423=CARTESIAN_POINT('Ctrl Pts',(-14.4102787680616,-3.00491300109795,5.86630127645298));
#2424=CARTESIAN_POINT('Ctrl Pts',(-5.80496903065815,-2.98598034853302,6.41316080610922));
#2425=CARTESIAN_POINT('Ctrl Pts',(-14.3989550918384,-3.30754461930942,6.41316080610922));
#2426=CARTESIAN_POINT('Ctrl Pts',(-5.79766618229437,-3.18115307992406,6.78616022720109));
#2427=CARTESIAN_POINT('Ctrl Pts',(-14.3916522434746,-3.50271735070046,6.78616022720109));
#2428=CARTESIAN_POINT('Ctrl Pts',(-5.79407632798959,-3.27709395601234,6.97476662695408));
#2429=CARTESIAN_POINT('Ctrl Pts',(-14.3880623891698,-3.59865822678874,6.97476662695408));
#2430=CARTESIAN_POINT('Origin',(0.,0.,0.));
#2431=CARTESIAN_POINT('',(-6.20650438778135,-12.5490757940356,6.97476662695408));
#2432=CARTESIAN_POINT('',(-5.6521312288239,-12.8083337156772,6.97476662695408));
#2433=CARTESIAN_POINT('Origin',(0.,0.,6.97476662695408));
#2434=CARTESIAN_POINT('',(-11.3356787272829,-8.21598367767523,-0.0252332165837288));
#2435=CARTESIAN_POINT('Ctrl Pts',(-11.3356787272829,-8.21598367767523,-0.0252332165837279));
#2436=CARTESIAN_POINT('Ctrl Pts',(-10.9049796137056,-8.81022375545246,0.343441135336943));
#2437=CARTESIAN_POINT('Ctrl Pts',(-10.4439490480387,-9.34699418970454,0.766568957030073));
#2438=CARTESIAN_POINT('Ctrl Pts',(-9.50764458248858,-10.2982070519329,1.73340576979116));
#2439=CARTESIAN_POINT('Ctrl Pts',(-9.04412835624372,-10.7019572515511,2.26677855904821));
#2440=CARTESIAN_POINT('Ctrl Pts',(-7.65076835431411,-11.7850102841832,4.1302723918814));
#2441=CARTESIAN_POINT('Ctrl Pts',(-6.84713834086047,-12.2322319478428,5.59255245245323));
#2442=CARTESIAN_POINT('Ctrl Pts',(-6.20650438778135,-12.5490757940356,6.97476662695408));
#2443=CARTESIAN_POINT('',(-10.9574957383647,-8.71397080232192,-0.0252332165837288));
#2444=CARTESIAN_POINT('Origin',(0.,0.,-0.0252332165837288));
#2445=CARTESIAN_POINT('Ctrl Pts',(-5.6521312288239,-12.8083337156772,6.97476662695408));
#2446=CARTESIAN_POINT('Ctrl Pts',(-6.33747346021671,-12.5059021649013,5.53869828947206));
#2447=CARTESIAN_POINT('Ctrl Pts',(-7.18988014955384,-12.0758931605858,4.04423289757151));
#2448=CARTESIAN_POINT('Ctrl Pts',(-9.22474512727584,-10.6080623951972,1.45019424009229));
#2449=CARTESIAN_POINT('Ctrl Pts',(-10.2003738386523,-9.66602356652333,0.593884440677341));
#2450=CARTESIAN_POINT('Ctrl Pts',(-10.9574957383647,-8.71397080232192,-0.0252332165837288));
#2451=CARTESIAN_POINT('Origin',(-8.82420054151446,-4.81305157584692,-0.0252332165837288));
#2452=CARTESIAN_POINT('',(-7.95751760812071,-3.63873790158743,-0.0252332165837288));
#2453=CARTESIAN_POINT('',(-8.82420054151446,-4.81305157584692,-0.0252332165837288));
#2454=CARTESIAN_POINT('',(-7.6547108494198,-4.23885619144774,-0.0252332165837288));
#2455=CARTESIAN_POINT('Origin',(0.,0.,-0.0252332165837288));
#2456=CARTESIAN_POINT('',(-8.34144187365445,-5.16934368719102,-0.0252332165837288));
#2457=CARTESIAN_POINT('Ctrl Pts',(-1.53317094373646,-6.21693383500751,6.97476662695408));
#2458=CARTESIAN_POINT('Ctrl Pts',(-6.64002453966857,-13.1364747410009,6.97476662695408));
#2459=CARTESIAN_POINT('Ctrl Pts',(-1.61041877866702,-6.15992233829803,6.78616022720108));
#2460=CARTESIAN_POINT('Ctrl Pts',(-6.71727237459914,-13.0794632442914,6.78616022720108));
#2461=CARTESIAN_POINT('Ctrl Pts',(-1.76756421606713,-6.04394372743731,6.41316080610921));
#2462=CARTESIAN_POINT('Ctrl Pts',(-6.87441781199925,-12.9634846334307,6.41316080610921));
#2463=CARTESIAN_POINT('Ctrl Pts',(-2.01123133941982,-5.8641092063311,5.86630127645298));
#2464=CARTESIAN_POINT('Ctrl Pts',(-7.11808493535194,-12.7836501123244,5.86630127645298));
#2465=CARTESIAN_POINT('Ctrl Pts',(-2.35228322306755,-5.61240146125552,5.16285494325732));
#2466=CARTESIAN_POINT('Ctrl Pts',(-7.45913681899967,-12.5319423672489,5.16285494325732));
#2467=CARTESIAN_POINT('Ctrl Pts',(-2.80738071253159,-5.27652422862639,4.32931411041352));
#2468=CARTESIAN_POINT('Ctrl Pts',(-7.91423430846371,-12.1960651346197,4.32931411041352));
#2469=CARTESIAN_POINT('Ctrl Pts',(-3.29389886126482,-4.91745749412778,3.54573506689018));
#2470=CARTESIAN_POINT('Ctrl Pts',(-8.40075245719694,-11.8369984001211,3.54573506689018));
#2471=CARTESIAN_POINT('Ctrl Pts',(-3.81450631941658,-4.53323170431729,2.81636121622129));
#2472=CARTESIAN_POINT('Ctrl Pts',(-8.92135991534869,-11.4527726103106,2.81636121622129));
#2473=CARTESIAN_POINT('Ctrl Pts',(-4.37084608403317,-4.1226342721912,2.1438050775025));
#2474=CARTESIAN_POINT('Ctrl Pts',(-9.47769967996529,-11.0421751781845,2.1438050775025));
#2475=CARTESIAN_POINT('Ctrl Pts',(-4.96174831816001,-3.68652857671345,1.526206500477));
#2476=CARTESIAN_POINT('Ctrl Pts',(-10.0686019140921,-10.6060694827068,1.526206500477));
#2477=CARTESIAN_POINT('Ctrl Pts',(-5.58470488469466,-3.22676570730668,0.95957731238331));
#2478=CARTESIAN_POINT('Ctrl Pts',(-10.6915584806268,-10.1463066133,0.95957731238331));
#2479=CARTESIAN_POINT('Ctrl Pts',(-6.10666082380815,-2.84154469325485,0.543785360643424));
#2480=CARTESIAN_POINT('Ctrl Pts',(-11.2135144197403,-9.7610855992482,0.543785360643424));
#2481=CARTESIAN_POINT('Ctrl Pts',(-6.51056161454739,-2.54345234383324,0.251712360575634));
#2482=CARTESIAN_POINT('Ctrl Pts',(-11.6174152104795,-9.46299324982659,0.251712360575634));
#2483=CARTESIAN_POINT('Ctrl Pts',(-6.78526510454516,-2.34071194172143,0.0656412469682049));
#2484=CARTESIAN_POINT('Ctrl Pts',(-11.8921187004773,-9.26025284771478,0.0656412469682049));
#2485=CARTESIAN_POINT('Ctrl Pts',(-6.92397594767925,-2.23833868059358,-0.0252332165837288));
#2486=CARTESIAN_POINT('Ctrl Pts',(-12.0308295436114,-9.15787958658693,-0.0252332165837288));
#2487=CARTESIAN_POINT('',(-3.00884865691152,-8.21640613405896,6.97476662695408));
#2488=CARTESIAN_POINT('',(-3.43339553757166,-8.79164673026085,6.97476662695408));
#2489=CARTESIAN_POINT('Ctrl Pts',(-3.00884865691152,-8.21640613405896,6.97476662695408));
#2490=CARTESIAN_POINT('Ctrl Pts',(-3.48414425119196,-8.04235284516924,6.02046227777791));
#2491=CARTESIAN_POINT('Ctrl Pts',(-4.01488169815351,-7.8014595336861,5.06484558202182));
#2492=CARTESIAN_POINT('Ctrl Pts',(-5.10299313065115,-7.13556656672194,3.35134085523187));
#2493=CARTESIAN_POINT('Ctrl Pts',(-5.65991260423579,-6.72064770453533,2.59371675961418));
#2494=CARTESIAN_POINT('Ctrl Pts',(-6.89970177023925,-5.4667671523239,1.10006893512998));
#2495=CARTESIAN_POINT('Ctrl Pts',(-7.50926935792156,-4.61900728076226,0.471717066663533));
#2496=CARTESIAN_POINT('Ctrl Pts',(-7.95751760812071,-3.63873790158743,-0.0252332165837288));
#2497=CARTESIAN_POINT('Origin',(0.,0.,7.));
#2498=CARTESIAN_POINT('',(-2.40766136669244,-8.4122331603051,6.97476662695408));
#2499=CARTESIAN_POINT('Origin',(0.,0.,6.97476662695408));
#2500=CARTESIAN_POINT('Ctrl Pts',(-7.65471084941979,-4.23885619144774,-0.0252332165837288));
#2501=CARTESIAN_POINT('Ctrl Pts',(-7.33283691479792,-4.82011014020555,0.293221308681971));
#2502=CARTESIAN_POINT('Ctrl Pts',(-6.95851485699168,-5.33950165962974,0.659132184249422));
#2503=CARTESIAN_POINT('Ctrl Pts',(-6.2141308266621,-6.18176438449375,1.43267110073344));
#2504=CARTESIAN_POINT('Ctrl Pts',(-5.65883568583964,-6.7308486465162,2.00625759276186));
#2505=CARTESIAN_POINT('Ctrl Pts',(-3.88322253952396,-7.94433180247887,4.30970097480482));
#2506=CARTESIAN_POINT('Ctrl Pts',(-2.98826558273067,-8.24605869584894,5.86320030470419));
#2507=CARTESIAN_POINT('Ctrl Pts',(-2.40766136669244,-8.4122331603051,6.97476662695408));
#2508=CARTESIAN_POINT('Origin',(-2.95063686971166,-9.14793884160495,6.97476662695408));
#2509=CARTESIAN_POINT('',(-2.95063686971166,-9.14793884160495,6.97476662695408));
#2510=CARTESIAN_POINT('Ctrl Pts',(-6.44121727981925,-2.59463079193768,-0.0252332165837288));
#2511=CARTESIAN_POINT('Ctrl Pts',(-11.5480708757514,-9.51417169793103,-0.0252332165837288));
#2512=CARTESIAN_POINT('Ctrl Pts',(-6.30250643668499,-2.69700405306566,0.0656412469682049));
#2513=CARTESIAN_POINT('Ctrl Pts',(-11.4093600326171,-9.616544959059,0.0656412469682049));
#2514=CARTESIAN_POINT('Ctrl Pts',(-6.02780294668694,-2.89974445517767,0.251712360575634));
#2515=CARTESIAN_POINT('Ctrl Pts',(-11.1346565426191,-9.81928536117102,0.251712360575634));
#2516=CARTESIAN_POINT('Ctrl Pts',(-5.62390215594745,-3.19783680459947,0.543785360643424));
#2517=CARTESIAN_POINT('Ctrl Pts',(-10.7307557518796,-10.1173777105928,0.543785360643424));
#2518=CARTESIAN_POINT('Ctrl Pts',(-5.10194621683388,-3.58305781865135,0.95957731238331));
#2519=CARTESIAN_POINT('Ctrl Pts',(-10.208799812766,-10.5025987246447,0.95957731238331));
#2520=CARTESIAN_POINT('Ctrl Pts',(-4.47898965029944,-4.04282068805797,1.526206500477));
#2521=CARTESIAN_POINT('Ctrl Pts',(-9.58584324623156,-10.9623615940513,1.526206500477));
#2522=CARTESIAN_POINT('Ctrl Pts',(-3.88808741617293,-4.47892638353548,2.1438050775025));
#2523=CARTESIAN_POINT('Ctrl Pts',(-8.99494101210504,-11.3984672895288,2.1438050775025));
#2524=CARTESIAN_POINT('Ctrl Pts',(-3.33174765155663,-4.88952381566135,2.81636121622129));
#2525=CARTESIAN_POINT('Ctrl Pts',(-8.43860124748874,-11.8090647216547,2.81636121622129));
#2526=CARTESIAN_POINT('Ctrl Pts',(-2.81114019340502,-5.27374960547174,3.54573506689018));
#2527=CARTESIAN_POINT('Ctrl Pts',(-7.91799378933714,-12.1932905114651,3.54573506689018));
#2528=CARTESIAN_POINT('Ctrl Pts',(-2.3246220446718,-5.63281633997033,4.32931411041352));
#2529=CARTESIAN_POINT('Ctrl Pts',(-7.43147564060392,-12.5523572459637,4.32931411041352));
#2530=CARTESIAN_POINT('Ctrl Pts',(-1.86952455520769,-5.96869357259952,5.16285494325732));
#2531=CARTESIAN_POINT('Ctrl Pts',(-6.9763781511398,-12.8882344785929,5.16285494325732));
#2532=CARTESIAN_POINT('Ctrl Pts',(-1.52847267155988,-6.22040131767515,5.86630127645298));
#2533=CARTESIAN_POINT('Ctrl Pts',(-6.635326267492,-13.1399422236685,5.86630127645298));
#2534=CARTESIAN_POINT('Ctrl Pts',(-1.28480554820715,-6.40023583878139,6.41316080610921));
#2535=CARTESIAN_POINT('Ctrl Pts',(-6.39165914413927,-13.3197767447747,6.41316080610921));
#2536=CARTESIAN_POINT('Ctrl Pts',(-1.12766011080703,-6.51621444964213,6.78616022720108));
#2537=CARTESIAN_POINT('Ctrl Pts',(-6.23451370673915,-13.4357553556355,6.78616022720108));
#2538=CARTESIAN_POINT('Ctrl Pts',(-1.05041227587646,-6.57322594635161,6.97476662695408));
#2539=CARTESIAN_POINT('Ctrl Pts',(-6.15726587180857,-13.492766852345,6.97476662695408));
#2540=UNCERTAINTY_MEASURE_WITH_UNIT(LENGTH_MEASURE(0.01),#2544,
'DISTANCE_ACCURACY_VALUE',
'Maximum model space distance between geometric entities at asserted c
onnectivities');
#2541=UNCERTAINTY_MEASURE_WITH_UNIT(LENGTH_MEASURE(0.01),#2544,
'DISTANCE_ACCURACY_VALUE',
'Maximum model space distance between geometric entities at asserted c
onnectivities');
#2542=(
GEOMETRIC_REPRESENTATION_CONTEXT(3)
GLOBAL_UNCERTAINTY_ASSIGNED_CONTEXT((#2540))
GLOBAL_UNIT_ASSIGNED_CONTEXT((#2544,#2546,#2547))
REPRESENTATION_CONTEXT('','3D')
);
#2543=(
GEOMETRIC_REPRESENTATION_CONTEXT(3)
GLOBAL_UNCERTAINTY_ASSIGNED_CONTEXT((#2541))
GLOBAL_UNIT_ASSIGNED_CONTEXT((#2544,#2546,#2547))
REPRESENTATION_CONTEXT('','3D')
);
#2544=(
LENGTH_UNIT()
NAMED_UNIT(*)
SI_UNIT(.MILLI.,.METRE.)
);
#2545=(
LENGTH_UNIT()
NAMED_UNIT(*)
SI_UNIT($,.METRE.)
);
#2546=(
NAMED_UNIT(*)
PLANE_ANGLE_UNIT()
SI_UNIT($,.RADIAN.)
);
#2547=(
NAMED_UNIT(*)
SI_UNIT($,.STERADIAN.)
SOLID_ANGLE_UNIT()
);
#2548=SHAPE_DEFINITION_REPRESENTATION(#2549,#2550);
#2549=PRODUCT_DEFINITION_SHAPE('',$,#2552);
#2550=SHAPE_REPRESENTATION('',(#1186),#2542);
#2551=PRODUCT_DEFINITION_CONTEXT('part definition',#2556,'design');
#2552=PRODUCT_DEFINITION('LD3007MS FAN','LD3007MS FAN v10',#2553,#2551);
#2553=PRODUCT_DEFINITION_FORMATION('',$,#2558);
#2554=PRODUCT_RELATED_PRODUCT_CATEGORY('LD3007MS FAN v10',
'LD3007MS FAN v10',(#2558));
#2555=APPLICATION_PROTOCOL_DEFINITION('international standard',
'automotive_design',2009,#2556);
#2556=APPLICATION_CONTEXT(
'Core Data for Automotive Mechanical Design Process');
#2557=PRODUCT_CONTEXT('part definition',#2556,'mechanical');
#2558=PRODUCT('LD3007MS FAN','LD3007MS FAN v10',$,(#2557));
#2559=PRESENTATION_STYLE_ASSIGNMENT((#2560));
#2560=SURFACE_STYLE_USAGE(.BOTH.,#2561);
#2561=SURFACE_SIDE_STYLE('',(#2562));
#2562=SURFACE_STYLE_FILL_AREA(#2563);
#2563=FILL_AREA_STYLE('ABS (White)',(#2564));
#2564=FILL_AREA_STYLE_COLOUR('ABS (White)',#2565);
#2565=COLOUR_RGB('ABS (White)',0.274509803921569,0.274509803921569,0.250980392156863);
ENDSEC;
END-ISO-10303-21;
